{"_id":{"$oid":"62ac4d9d3c4dc9f04f1ae3fd"},"Name":"db_boy","Type":"db","Url":"Resources/Character/2D/db_boy/Prefab/db_boy","ZipUrl":"Resources/Character/2D/db_boy.zip","Animation":[],"Clothes":[[]]}
{"_id":{"$oid":"62ac4f0d3c4dc9f04f1ae402"},"Name":"cuteDog3D","Type":"else","Url":"Resources/Character/3D/cuteDog3D/Prefab/cuteDog3D","ZipUrl":"Resources/Character/3D/cuteDog3D.zip","Animation":[{"$oid":"62b91451f15ac3c21d50de57"},{"$oid":"62b914a7f15ac3c21d50de58"},{"$oid":"62b916f9f15ac3c21d50de59"},{"$oid":"62b918bff15ac3c21d50de5b"},{"$oid":"62b918f3f15ac3c21d50de5c"},{"$oid":"62b91920f15ac3c21d50de5d"}],"Clothes":null}
{"_id":{"$oid":"62ac4f3a3c4dc9f04f1ae404"},"Name":"rabbit","Type":"else","Url":"Resources/Character/2D/rabbit/Prefab/rabbit","ZipUrl":"Resources/Character/2D/rabbit.zip","Animation":[{"$oid":"62b3cbcd068fbb225da3bdd3"},{"$oid":"62b3cc20068fbb225da3bdd4"},{"$oid":"62b3cc3e068fbb225da3bdd5"},{"$oid":"62b3cc4e068fbb225da3bdd6"},{"$oid":"62b3cc67068fbb225da3bdd7"},{"$oid":"62b3ce64068fbb225da3bde7"}],"Clothes":[[]]}
{"_id":{"$oid":"62ae770bf079cbfc32617123"},"Name":"Alpaca","Type":"else","Url":"Resources/Character/2D/Alpaca/Prefab/Alpaca","ZipUrl":"Resources/Character/2D/Alpaca.zip","Animation":[{"$oid":"62ae9817f079cbfc32617152"},{"$oid":"62ae9cedf079cbfc32617158"},{"$oid":"62ae9d00f079cbfc32617159"},{"$oid":"62ae9d15f079cbfc3261715a"},{"$oid":"62ae9d6df079cbfc3261715b"}],"Clothes":null}
{"_id":{"$oid":"62ae81acf079cbfc32617125"},"Name":"Alpaca baby","Type":"else","Url":"Resources/Character/2D/Alpaca baby/Prefab/Alpaca baby","ZipUrl":"Resources/Character/2D/Alpaca baby.zip","Animation":[{"$oid":"62aeb3e7f079cbfc32617174"},{"$oid":"62aeb44bf079cbfc32617179"},{"$oid":"62aeb469f079cbfc3261717a"},{"$oid":"62aeb47ef079cbfc3261717b"},{"$oid":"62aeb49ff079cbfc3261717c"}],"Clothes":null}
{"_id":{"$oid":"62ae81c7f079cbfc32617126"},"Name":"Bull","Type":"else","Url":"Resources/Character/2D/Bull/Prefab/Bull","ZipUrl":"Resources/Character/2D/Bull.zip","Animation":[{"$oid":"62aed366f079cbfc3261717d"},{"$oid":"62aed5fcf079cbfc32617182"},{"$oid":"62aed62af079cbfc32617183"},{"$oid":"62aed655f079cbfc32617184"},{"$oid":"62aed668f079cbfc32617185"}],"Clothes":null}
{"_id":{"$oid":"62ae81e6f079cbfc32617127"},"Name":"Bull baby","Type":"else","Url":"Resources/Character/2D/Bull baby/Prefab/Bull baby","ZipUrl":"Resources/Character/2D/Bull baby.zip","Animation":[{"$oid":"62aed776f079cbfc32617187"},{"$oid":"62aed7f1f079cbfc3261718c"},{"$oid":"62aed807f079cbfc3261718d"},{"$oid":"62aed825f079cbfc3261718e"},{"$oid":"62aed849f079cbfc3261718f"}],"Clothes":null}
{"_id":{"$oid":"62ae8217f079cbfc32617128"},"Name":"Chicken baby","Type":"else","Url":"Resources/Character/2D/Chicken baby/Prefab/Chicken baby","ZipUrl":"Resources/Character/2D/Chicken baby.zip","Animation":[{"$oid":"62aed8d0f079cbfc32617190"},{"$oid":"62aeda2cf079cbfc326171a2"},{"$oid":"62aeda59f079cbfc326171a3"},{"$oid":"62aeda80f079cbfc326171a4"},{"$oid":"62aeda95f079cbfc326171a5"}],"Clothes":null}
{"_id":{"$oid":"62ae8260f079cbfc3261712a"},"Name":"ChickenA","Type":"else","Url":"Resources/Character/2D/ChickenA/Prefab/ChickenA","ZipUrl":"Resources/Character/2D/ChickenA.zip","Animation":[{"$oid":"62aee1e0f079cbfc326171a6"},{"$oid":"62aee254f079cbfc326171af"},{"$oid":"62aee262f079cbfc326171b0"},{"$oid":"62aee279f079cbfc326171b1"},{"$oid":"62aee29af079cbfc326171b2"}],"Clothes":null}
{"_id":{"$oid":"62ae8974f079cbfc3261712c"},"Name":"Cow","Type":"else","Url":"Resources/Character/2D/Cow/Prefab/Cow","ZipUrl":"Resources/Character/2D/Cow.zip","Animation":[{"$oid":"62aee378f079cbfc326171bc"},{"$oid":"62aee3f5f079cbfc326171c1"},{"$oid":"62aee408f079cbfc326171c2"},{"$oid":"62aee42bf079cbfc326171c3"},{"$oid":"62aee43ef079cbfc326171c4"}],"Clothes":null}
{"_id":{"$oid":"62ae89b9f079cbfc3261712d"},"Name":"Cow baby","Type":"else","Url":"Resources/Character/2D/Cow baby/Prefab/Cow baby","ZipUrl":"Resources/Character/2D/Cow baby.zip","Animation":[{"$oid":"62aee483f079cbfc326171c5"},{"$oid":"62aee4c6f079cbfc326171ca"},{"$oid":"62aee4dbf079cbfc326171cb"},{"$oid":"62aee4ebf079cbfc326171cc"},{"$oid":"62aee4fef079cbfc326171cd"}],"Clothes":null}
{"_id":{"$oid":"62ae89caf079cbfc3261712e"},"Name":"Duck baby","Type":"else","Url":"Resources/Character/2D/Duck baby/Prefab/Duck baby","ZipUrl":"Resources/Character/2D/Duck baby.zip","Animation":[{"$oid":"62aee54bf079cbfc326171ce"},{"$oid":"62aee58ef079cbfc326171d3"},{"$oid":"62aee5a3f079cbfc326171d4"},{"$oid":"62aee5cff079cbfc326171d5"},{"$oid":"62aee5edf079cbfc326171d6"}],"Clothes":null}
{"_id":{"$oid":"62ae89eef079cbfc3261712f"},"Name":"DuckA","Type":"else","Url":"Resources/Character/2D/DuckA/Prefab/DuckA","ZipUrl":"Resources/Character/2D/DuckA.zip","Animation":[{"$oid":"62aee621f079cbfc326171d7"},{"$oid":"62aee673f079cbfc326171dc"},{"$oid":"62aee68bf079cbfc326171dd"},{"$oid":"62aee6a4f079cbfc326171de"},{"$oid":"62aee6b8f079cbfc326171df"}],"Clothes":null}
{"_id":{"$oid":"62ae8a18f079cbfc32617130"},"Name":"DuckB","Type":"else","Url":"Resources/Character/2D/DuckB/Prefab/DuckB","ZipUrl":"Resources/Character/2D/DuckB.zip","Animation":[{"$oid":"62aee6daf079cbfc326171e0"},{"$oid":"62aee72ef079cbfc326171e5"},{"$oid":"62aee758f079cbfc326171e6"},{"$oid":"62aee77af079cbfc326171e7"},{"$oid":"62aee78ff079cbfc326171e8"}],"Clothes":null}
{"_id":{"$oid":"62ae8a30f079cbfc32617131"},"Name":"Goat","Type":"else","Url":"Resources/Character/2D/Goat/Prefab/Goat","ZipUrl":"Resources/Character/2D/Goat.zip","Animation":[{"$oid":"62aee7bbf079cbfc326171e9"},{"$oid":"62aee824f079cbfc326171ee"},{"$oid":"62aee833f079cbfc326171ef"},{"$oid":"62aee84bf079cbfc326171f0"},{"$oid":"62aee868f079cbfc326171f1"}],"Clothes":null}
{"_id":{"$oid":"62ae8a5ef079cbfc32617132"},"Name":"Goat baby","Type":"else","Url":"Resources/Character/2D/Goat baby/Prefab/Goat baby","ZipUrl":"Resources/Character/2D/Goat baby.zip","Animation":[{"$oid":"62af055cf079cbfc32617200"},{"$oid":"62af06abf079cbfc32617205"},{"$oid":"62af06d2f079cbfc32617206"},{"$oid":"62af06e7f079cbfc32617207"},{"$oid":"62af06fcf079cbfc32617208"}],"Clothes":null}
{"_id":{"$oid":"62ae8a8ff079cbfc32617133"},"Name":"Pig babyA","Type":"else","Url":"Resources/Character/2D/Pig babyA/Prefab/Pig babyA","ZipUrl":"Resources/Character/2D/Pig babyA.zip","Animation":[{"$oid":"62af071af079cbfc32617209"},{"$oid":"62af077ef079cbfc32617212"},{"$oid":"62af078ef079cbfc32617213"},{"$oid":"62af07c4f079cbfc32617214"},{"$oid":"62af07d9f079cbfc32617215"}],"Clothes":null}
{"_id":{"$oid":"62ae8ab0f079cbfc32617134"},"Name":"Pig babyB","Type":"else","Url":"Resources/Character/2D/Pig babyB/Prefab/Pig babyB","ZipUrl":"Resources/Character/2D/Pig babyB.zip","Animation":[{"$oid":"62af07f6f079cbfc32617216"},{"$oid":"62af083cf079cbfc3261721b"},{"$oid":"62af085af079cbfc3261721c"},{"$oid":"62af0874f079cbfc3261721d"},{"$oid":"62af0895f079cbfc3261721e"}],"Clothes":null}
{"_id":{"$oid":"62ae8ac5f079cbfc32617135"},"Name":"Pig babyC","Type":"else","Url":"Resources/Character/2D/Pig babyC/Prefab/Pig babyC","ZipUrl":"Resources/Character/2D/Pig babyC.zip","Animation":[{"$oid":"62af090af079cbfc3261721f"},{"$oid":"62af09f8f079cbfc32617224"},{"$oid":"62af0a08f079cbfc32617225"},{"$oid":"62af0a26f079cbfc32617226"},{"$oid":"62af0a38f079cbfc32617227"}],"Clothes":null}
{"_id":{"$oid":"62ae8ad6f079cbfc32617136"},"Name":"PigA","Type":"else","Url":"Resources/Character/2D/PigA/Prefab/PigA","ZipUrl":"Resources/Character/2D/PigA.zip","Animation":[{"$oid":"62af0a65f079cbfc32617228"},{"$oid":"62af0acaf079cbfc3261722d"},{"$oid":"62af0adef079cbfc3261722e"},{"$oid":"62af0b01f079cbfc3261722f"},{"$oid":"62af0b16f079cbfc32617230"}],"Clothes":null}
{"_id":{"$oid":"62ae8b01f079cbfc32617137"},"Name":"PigB","Type":"else","Url":"Resources/Character/2D/PigB/Prefab/PigB","ZipUrl":"Resources/Character/2D/PigB.zip","Animation":[{"$oid":"62af0b5bf079cbfc32617231"},{"$oid":"62af0bebf079cbfc32617236"},{"$oid":"62af0bfef079cbfc32617237"},{"$oid":"62af0c24f079cbfc32617238"},{"$oid":"62af0c41f079cbfc32617239"}],"Clothes":null}
{"_id":{"$oid":"62ae8b13f079cbfc32617138"},"Name":"PigC","Type":"else","Url":"Resources/Character/2D/PigC/Prefab/PigC","ZipUrl":"Resources/Character/2D/PigC.zip","Animation":[{"$oid":"62af0c61f079cbfc3261723a"},{"$oid":"62af0ca6f079cbfc3261723f"},{"$oid":"62af0cc3f079cbfc32617240"},{"$oid":"62af0cd7f079cbfc32617241"},{"$oid":"62af0ce8f079cbfc32617242"}],"Clothes":null}
{"_id":{"$oid":"62ae8b46f079cbfc32617139"},"Name":"Sheep","Type":"else","Url":"Resources/Character/2D/Sheep/Prefab/Sheep","ZipUrl":"Resources/Character/2D/Sheep.zip","Animation":[{"$oid":"62af0d10f079cbfc32617243"},{"$oid":"62af0de6f079cbfc32617248"},{"$oid":"62af0df3f079cbfc32617249"},{"$oid":"62af0e07f079cbfc3261724a"},{"$oid":"62af0e18f079cbfc3261724b"}],"Clothes":null}
{"_id":{"$oid":"62ae8b6cf079cbfc3261713a"},"Name":"Sheep baby","Type":"else","Url":"Resources/Character/2D/Sheep baby/Prefab/Sheep baby","ZipUrl":"Resources/Character/2D/Sheep baby.zip","Animation":[{"$oid":"62af0e41f079cbfc3261724c"},{"$oid":"62af0e9af079cbfc32617251"},{"$oid":"62af0eaaf079cbfc32617252"},{"$oid":"62af0ec6f079cbfc32617253"},{"$oid":"62af0ee7f079cbfc32617254"}],"Clothes":null}
{"_id":{"$oid":"62b5d411b2d025e9c025099f"},"Name":"Apple","Type":"else","Url":"Resources/Object/2D/Apple/Prefab/Apple","ZipUrl":"Resources/Object/2D/Apple.zip","Animation":null,"Clothes":null}
{"_id":{"$oid":"62b5d48db2d025e9c02509a0"},"Name":"Green apple","Type":"else","Url":"Resources/Object/2D/Green apple/Prefab/Green apple","ZipUrl":"Resources/Object/2D/Green apple.zip","Animation":null,"Clothes":null}
{"_id":{"$oid":"62b5d4c7b2d025e9c02509a1"},"Name":"Banana","Type":"else","Url":"Resources/Object/2D/Banana/Prefab/Banana","ZipUrl":"Resources/Object/2D/Banana.zip","Animation":null,"Clothes":null}
{"_id":{"$oid":"62b5d512b2d025e9c02509a3"},"Name":"Pear","Type":"else","Url":"Resources/Object/2D/Pear/Prefab/Pear","ZipUrl":"Resources/Object/2D/Pear.zip","Animation":null,"Clothes":null}
{"_id":{"$oid":"62b5d5e1b2d025e9c02509a5"},"Name":"Flower","Type":"else","Url":"Resources/Object/2D/Flower/Prefab/Flower","ZipUrl":"Resources/Object/2D/Flower.zip","Animation":[{"$oid":"62b90b27f15ac3c21d50de4e"},{"$oid":"62b90b79f15ac3c21d50de53"}],"Clothes":null}
{"_id":{"$oid":"62b913d4f15ac3c21d50de56"},"Name":"cuteTiger3D","Type":"else","Url":"Resources/Character/3D/cuteTiger3D/Prefab/cuteTiger3D","ZipUrl":"Resources/Character/3D/cuteTiger3D.zip","Animation":[{"$oid":"62b91451f15ac3c21d50de57"},{"$oid":"62b914a7f15ac3c21d50de58"},{"$oid":"62b916f9f15ac3c21d50de59"},{"$oid":"62b918bff15ac3c21d50de5b"},{"$oid":"62b918f3f15ac3c21d50de5c"},{"$oid":"62b91920f15ac3c21d50de5d"}],"Clothes":null}
{"_id":{"$oid":"62beed3cad497783c7bbea70"},"Name":"Bumble3D","Type":"else","Url":"Resources/Character/3D/Bumble3D/Prefab/Bumble3D","ZipUrl":"Resources/Character/3D/Bumble3D.zip","Animation":[{"$oid":"62beef5ead497783c7bbea78"},{"$oid":"62beefe1ad497783c7bbea79"},{"$oid":"62bef025ad497783c7bbea7b"},{"$oid":"62bef049ad497783c7bbea7c"},{"$oid":"62bef072ad497783c7bbea7d"},{"$oid":"62bef09bad497783c7bbea7e"},{"$oid":"62bef0c7ad497783c7bbea80"},{"$oid":"62befdb9df52e4bdae055789"}],"Clothes":null}
{"_id":{"$oid":"62beee2fad497783c7bbea71"},"Name":"Butterfly3D","Type":"else","Url":"Resources/Character/3D/Butterfly3D/Prefab/Butterfly3D","ZipUrl":"Resources/Character/3D/Butterfly3D.zip","Animation":[{"$oid":"62bef17fad497783c7bbea81"},{"$oid":"62bef415ad497783c7bbea86"},{"$oid":"62bef47cad497783c7bbea88"},{"$oid":"62bef498ad497783c7bbea89"},{"$oid":"62bef4b5ad497783c7bbea8b"},{"$oid":"62bef4cdad497783c7bbea8c"},{"$oid":"62bef4eead497783c7bbea8d"},{"$oid":"62bef519ad497783c7bbea8e"}],"Clothes":null}
{"_id":{"$oid":"62c3e6d38ca557d7da87e223"},"Name":"Lemon","Type":"else","Url":"Resources/Object/2D/Lemon/Prefab/Lemon","ZipUrl":"Resources/Object/2D/Lemon.zip","Animation":null,"Clothes":null}
{"_id":{"$oid":"62c3e7148ca557d7da87e224"},"Name":"Watermelon","Type":"else","Url":"Resources/Object/2D/Watermelon/Prefab/Watermelon","ZipUrl":"Resources/Object/2D/Watermelon.zip","Animation":null,"Clothes":null}
{"_id":{"$oid":"62c3e7388ca557d7da87e225"},"Name":"Grapes","Type":"else","Url":"Resources/Object/2D/Grapes/Prefab/Grapes","ZipUrl":"Resources/Object/2D/Grapes.zip","Animation":null,"Clothes":null}
{"_id":{"$oid":"62c3e7738ca557d7da87e226"},"Name":"Tangerine","Type":"else","Url":"Resources/Object/2D/Tangerine/Prefab/Tangerine","ZipUrl":"Resources/Object/2D/Tangerine.zip","Animation":null,"Clothes":null}
{"_id":{"$oid":"62c3e7a68ca557d7da87e228"},"Name":"Pineapple","Type":"else","Url":"Resources/Object/2D/Pineapple/Prefab/Pineapple","ZipUrl":"Resources/Object/2D/Pineapple.zip","Animation":null,"Clothes":null}
{"_id":{"$oid":"62c3e7da8ca557d7da87e229"},"Name":"Mango","Type":"else","Url":"Resources/Object/2D/Mango/Prefab/Mango","ZipUrl":"Resources/Object/2D/Mango.zip","Animation":null,"Clothes":null}
{"_id":{"$oid":"62c3ebd08ca557d7da87e22a"},"Name":"cuteBear3D","Type":"else","Url":"Resources/Character/3D/cuteBear3D/Prefab/cuteBear3D","ZipUrl":"Resources/Character/3D/cuteBear3D.zip","Animation":[{"$oid":"62b91451f15ac3c21d50de57"},{"$oid":"62b914a7f15ac3c21d50de58"},{"$oid":"62b916f9f15ac3c21d50de59"},{"$oid":"62b918bff15ac3c21d50de5b"},{"$oid":"62b918f3f15ac3c21d50de5c"},{"$oid":"62b91920f15ac3c21d50de5d"}],"Clothes":null}
{"_id":{"$oid":"62c423f177001c4b41994d0c"},"Name":"cuteChipmunk3D","Type":"else","Url":"Resources/Character/3D/cuteChipmunk3D/Prefab/cuteChipmunk3D","ZipUrl":"Resources/Character/3D/cuteChipmunk3D.zip","Animation":[{"$oid":"62c4277977001c4b41994d19"},{"$oid":"62c4282677001c4b41994d1a"},{"$oid":"62c4284277001c4b41994d1c"},{"$oid":"62c428a277001c4b41994d1e"},{"$oid":"62c428be77001c4b41994d1f"},{"$oid":"62c428dd77001c4b41994d20"}],"Clothes":null}
{"_id":{"$oid":"62c4244a77001c4b41994d0e"},"Name":"cuteDeer3D","Type":"else","Url":"Resources/Character/3D/cuteDeer3D/Prefab/cuteDeer3D","ZipUrl":"Resources/Character/3D/cuteDeer3D.zip","Animation":[{"$oid":"62c42abe77001c4b41994d35"},{"$oid":"62c42bd777001c4b41994d36"},{"$oid":"62c42bec77001c4b41994d37"},{"$oid":"62c42c0377001c4b41994d38"},{"$oid":"62c42c2277001c4b41994d39"},{"$oid":"62c42c3477001c4b41994d3a"}],"Clothes":null}
{"_id":{"$oid":"62c425ac77001c4b41994d0f"},"Name":"cuteElephant3D","Type":"else","Url":"Resources/Character/3D/cuteElephant3D/Prefab/cuteElephant3D","ZipUrl":"Resources/Character/3D/cuteElephant3D.zip","Animation":[{"$oid":"62b91451f15ac3c21d50de57"},{"$oid":"62b914a7f15ac3c21d50de58"},{"$oid":"62b916f9f15ac3c21d50de59"},{"$oid":"62b918bff15ac3c21d50de5b"},{"$oid":"62b918f3f15ac3c21d50de5c"},{"$oid":"62b91920f15ac3c21d50de5d"}],"Clothes":null}
{"_id":{"$oid":"62c425db77001c4b41994d10"},"Name":"cuteFox3D","Type":"else","Url":"Resources/Character/3D/cuteFox3D/Prefab/cuteFox3D","ZipUrl":"Resources/Character/3D/cuteFox3D.zip","Animation":[{"$oid":"62b91451f15ac3c21d50de57"},{"$oid":"62b914a7f15ac3c21d50de58"},{"$oid":"62b916f9f15ac3c21d50de59"},{"$oid":"62b918bff15ac3c21d50de5b"},{"$oid":"62b918f3f15ac3c21d50de5c"},{"$oid":"62b91920f15ac3c21d50de5d"}],"Clothes":null}
{"_id":{"$oid":"62c425fa77001c4b41994d11"},"Name":"cuteHorse3D","Type":"else","Url":"Resources/Character/3D/cuteHorse3D/Prefab/cuteHorse3D","ZipUrl":"Resources/Character/3D/cuteHorse3D.zip","Animation":[{"$oid":"62c42abe77001c4b41994d35"},{"$oid":"62c42bd777001c4b41994d36"},{"$oid":"62c42bec77001c4b41994d37"},{"$oid":"62c42c0377001c4b41994d38"},{"$oid":"62c42c2277001c4b41994d39"},{"$oid":"62c42c3477001c4b41994d3a"}],"Clothes":null}
{"_id":{"$oid":"62c4262277001c4b41994d12"},"Name":"cuteLion3D","Type":"else","Url":"Resources/Character/3D/cuteLion3D/Prefab/cuteLion3D","ZipUrl":"Resources/Character/3D/cuteLion3D.zip","Animation":[{"$oid":"62b91451f15ac3c21d50de57"},{"$oid":"62b914a7f15ac3c21d50de58"},{"$oid":"62b916f9f15ac3c21d50de59"},{"$oid":"62b918bff15ac3c21d50de5b"},{"$oid":"62b918f3f15ac3c21d50de5c"},{"$oid":"62b91920f15ac3c21d50de5d"}],"Clothes":null}
{"_id":{"$oid":"62c4264177001c4b41994d13"},"Name":"cuteMonkey3D","Type":"else","Url":"Resources/Character/3D/cuteMonkey3D/Prefab/cuteMonkey3D","ZipUrl":"Resources/Character/3D/cuteMonkey3D.zip","Animation":[{"$oid":"62c4328677001c4b41994d3f"},{"$oid":"62c432d677001c4b41994d40"},{"$oid":"62c432fe77001c4b41994d41"},{"$oid":"62c4331877001c4b41994d42"},{"$oid":"62c4332977001c4b41994d43"},{"$oid":"62c4333d77001c4b41994d44"}],"Clothes":null}
{"_id":{"$oid":"62c4268477001c4b41994d14"},"Name":"cuteTurtle3D","Type":"else","Url":"Resources/Character/3D/cuteTurtle3D/Prefab/cuteTurtle3D","ZipUrl":"Resources/Character/3D/cuteTurtle3D.zip","Animation":[{"$oid":"62c4349077001c4b41994d49"},{"$oid":"62c434be77001c4b41994d4a"},{"$oid":"62c434d477001c4b41994d4b"},{"$oid":"62c434ed77001c4b41994d4c"},{"$oid":"62c434ff77001c4b41994d4d"},{"$oid":"62c4350e77001c4b41994d4e"}],"Clothes":null}
{"_id":{"$oid":"62caa672c66605ce56f62653"},"Name":"cuteGiraffe3D","Type":"else","Url":"Resources/Character/3D/cuteGiraffe3D/Prefab/cuteGiraffe3D","ZipUrl":"Resources/Character/3D/cuteGiraffe3D.zip","Animation":[{"$oid":"62c42abe77001c4b41994d35"},{"$oid":"62c42bd777001c4b41994d36"},{"$oid":"62c42bec77001c4b41994d37"},{"$oid":"62c42c0377001c4b41994d38"},{"$oid":"62c42c2277001c4b41994d39"},{"$oid":"62c42c3477001c4b41994d3a"}],"Clothes":null}
{"_id":{"$oid":"62ce9f95be40c219ac8f94c7"},"Name":"Carrot","Type":"else","Url":"Resources/Object/2D/Carrot/Prefab/Carrot","ZipUrl":"Resources/Object/2D/Carrot.zip","Animation":null,"Clothes":null}
{"_id":{"$oid":"62ce9fbebe40c219ac8f94c8"},"Name":"Corn","Type":"else","Url":"Resources/Object/2D/Corn/Prefab/Corn","ZipUrl":"Resources/Object/2D/Corn.zip","Animation":null,"Clothes":null}
{"_id":{"$oid":"62ce9fe0be40c219ac8f94c9"},"Name":"Eggplant","Type":"else","Url":"Resources/Object/2D/Eggplant/Prefab/Eggplant","ZipUrl":"Resources/Object/2D/Eggplant.zip","Animation":null,"Clothes":null}
{"_id":{"$oid":"62cea001be40c219ac8f94ca"},"Name":"Pepper","Type":"else","Url":"Resources/Object/2D/Pepper/Prefab/Pepper","ZipUrl":"Resources/Object/2D/Pepper.zip","Animation":null,"Clothes":null}
{"_id":{"$oid":"62d7a79de8d83512402d648a"},"Name":"cuteFlamingo3D","Type":"else","Url":"Resources/Character/3D/cuteFlamingo3D/Prefab/cuteFlamingo3D","ZipUrl":"Resources/Character/3D/cuteFlamingo3D.zip","Animation":[{"$oid":"62d7a94ae8d83512402d648f"},{"$oid":"62d7b16ee8d83512402d6494"},{"$oid":"62d7b190e8d83512402d6495"},{"$oid":"62d7b1a3e8d83512402d6496"},{"$oid":"62f64c7d13cb90b5c3b449ea"}],"Clothes":null}
{"_id":{"$oid":"62d7a7e7e8d83512402d648b"},"Name":"cutePeacock3D","Type":"else","Url":"Resources/Character/3D/cutePeacock3D/Prefab/cutePeacock3D","ZipUrl":"Resources/Character/3D/cutePeacock3D.zip","Animation":[{"$oid":"62d7b229e8d83512402d6497"},{"$oid":"62d7b373e8d83512402d64a2"},{"$oid":"62d7b388e8d83512402d64a3"},{"$oid":"62d7b39ae8d83512402d64a4"},{"$oid":"62f64dd813cb90b5c3b449f3"}],"Clothes":null}
{"_id":{"$oid":"62d7a84ce8d83512402d648c"},"Name":"Eagle3D","Type":"else","Url":"Resources/Character/3D/Eagle3D/Prefab/Eagle3D","ZipUrl":"Resources/Character/3D/Eagle3D.zip","Animation":[{"$oid":"62d7b4f0e8d83512402d64a5"},{"$oid":"62d7ba64e8d83512402d64a6"},{"$oid":"62d7ba7be8d83512402d64a7"},{"$oid":"62d7ba8be8d83512402d64a8"}],"Clothes":null}
{"_id":{"$oid":"62dbb3558e1201dbf79a8a65"},"Name":"Swallow3D","Type":"else","Url":"Resources/Character/3D/Swallow3D/Prefab/Swallow3D","ZipUrl":"Resources/Character/3D/Swallow3D.zip","Animation":[{"$oid":"62dbb3a28e1201dbf79a8a66"},{"$oid":"62dbb3fd8e1201dbf79a8a67"},{"$oid":"62dbb40d8e1201dbf79a8a68"},{"$oid":"62dbb41a8e1201dbf79a8a69"}],"Clothes":null}
{"_id":{"$oid":"62dbd3308e1201dbf79a8a6a"},"Name":"Penguin3D","Type":"else","Url":"Resources/Character/3D/Penguin3D/Prefab/Penguin3D","ZipUrl":"Resources/Character/3D/Penguin3D.zip","Animation":[{"$oid":"62dbd3f28e1201dbf79a8a6c"},{"$oid":"62dbd4298e1201dbf79a8a6d"},{"$oid":"62dbd4478e1201dbf79a8a6e"},{"$oid":"62dbd49e8e1201dbf79a8a6f"},{"$oid":"62dbd4ae8e1201dbf79a8a70"},{"$oid":"62dbd4bd8e1201dbf79a8a71"}],"Clothes":null}
{"_id":{"$oid":"62dc42677510398676fcc689"},"Name":"Parrot3D","Type":"else","Url":"Resources/Character/3D/Parrot3D/Prefab/Parrot3D","ZipUrl":"Resources/Character/3D/Parrot3D.zip","Animation":[{"$oid":"62dc433e7510398676fcc68a"},{"$oid":"62dc43a47510398676fcc68b"},{"$oid":"62dc43c07510398676fcc68c"},{"$oid":"62dc43d37510398676fcc68d"},{"$oid":"62dc43e27510398676fcc68e"},{"$oid":"62dc43f47510398676fcc68f"}],"Clothes":null}
{"_id":{"$oid":"62dc48a77510398676fcc693"},"Name":"Arowana3D","Type":"else","Url":"Resources/Character/3D/Arowana3D/Prefab/Arowana3D","ZipUrl":"Resources/Character/3D/Arowana3D.zip","Animation":[{"$oid":"62dc4a607510398676fcc694"},{"$oid":"62dc4bea7510398676fcc696"},{"$oid":"62dc4c037510398676fcc697"},{"$oid":"62dc4c1f7510398676fcc698"},{"$oid":"62dc4c307510398676fcc699"},{"$oid":"62dc4c3e7510398676fcc69a"}],"Clothes":null}
{"_id":{"$oid":"62dc543d7510398676fcc69d"},"Name":"Goose3D","Type":"else","Url":"Resources/Character/3D/Goose3D/Prefab/Goose3D","ZipUrl":"Resources/Character/3D/Goose3D.zip","Animation":[{"$oid":"62dc54957510398676fcc69e"},{"$oid":"62dc54dd7510398676fcc69f"},{"$oid":"62dc54ee7510398676fcc6a0"},{"$oid":"62dc55047510398676fcc6a1"},{"$oid":"62dc55157510398676fcc6a2"},{"$oid":"62dc55287510398676fcc6a3"}],"Clothes":null}
{"_id":{"$oid":"62e000bbd3bf6eaee9cf509c"},"Name":"Cherry","Type":"else","Url":"Resources/Object/2D/Cherry/Prefab/Cherry","ZipUrl":"Resources/Object/2D/Cherry.zip","Animation":null,"Clothes":null}
{"_id":{"$oid":"62e001ebd3bf6eaee9cf509d"},"Name":"Cucumber","Type":"else","Url":"Resources/Object/2D/Cucumber/Prefab/Cucumber","ZipUrl":"Resources/Object/2D/Cucumber.zip","Animation":null,"Clothes":null}
{"_id":{"$oid":"62e00210d3bf6eaee9cf509f"},"Name":"Onion","Type":"else","Url":"Resources/Object/2D/Onion/Prefab/Onion","ZipUrl":"Resources/Object/2D/Onion.zip","Animation":null,"Clothes":null}
{"_id":{"$oid":"62e0022ad3bf6eaee9cf50a0"},"Name":"Orange","Type":"else","Url":"Resources/Object/2D/Orange/Prefab/Orange","ZipUrl":"Resources/Object/2D/Orange.zip","Animation":null,"Clothes":null}
{"_id":{"$oid":"62e00250d3bf6eaee9cf50a2"},"Name":"Pitahaya","Type":"else","Url":"Resources/Object/2D/Pitahaya/Prefab/Pitahaya","ZipUrl":"Resources/Object/2D/Pitahaya.zip","Animation":null,"Clothes":null}
{"_id":{"$oid":"62e00273d3bf6eaee9cf50a3"},"Name":"Tomato","Type":"else","Url":"Resources/Object/2D/Tomato/Prefab/Tomato","ZipUrl":"Resources/Object/2D/Tomato.zip","Animation":null,"Clothes":null}
{"_id":{"$oid":"62e8d6a6a7f12554c8990324"},"Name":"Cake","Type":"else","Url":"Resources/Object/2D/Cake/Prefab/Cake","ZipUrl":"Resources/Object/2D/Cake.zip","Animation":null,"Clothes":null}
{"_id":{"$oid":"62f659c713cb90b5c3b449ff"},"Name":"cuteCat3D","Type":"else","Url":"Resources/Character/3D/cuteCat3D/Prefab/cuteCat3D","ZipUrl":"Resources/Character/3D/cuteCat3D.zip","Animation":[{"$oid":"62b91451f15ac3c21d50de57"},{"$oid":"62b914a7f15ac3c21d50de58"},{"$oid":"62b916f9f15ac3c21d50de59"},{"$oid":"62b918bff15ac3c21d50de5b"},{"$oid":"62b918f3f15ac3c21d50de5c"},{"$oid":"62b91920f15ac3c21d50de5d"}],"Clothes":null}
{"_id":{"$oid":"6332759259da8bb26ad2a558"},"Name":"Sun","Type":"else","Url":"Resources/EnvironmentProp/2D/Sun/Prefab/Sun","ZipUrl":"Resources/EnvironmentProp/2D/Sun.zip","Animation":null,"Clothes":null}
{"_id":{"$oid":"633275b559da8bb26ad2a559"},"Name":"Balloon","Type":"else","Url":"Resources/EnvironmentProp/2D/Balloon/Prefab/Balloon","ZipUrl":"Resources/EnvironmentProp/2D/Balloon.zip","Animation":null,"Clothes":null}
{"_id":{"$oid":"6342d13cc273162c8c7e72d9"},"Name":"Flower_hand","Type":"else","Url":"Resources/Object/2D/Flower_hand/Prefab/Flower_hand","ZipUrl":"Resources/Object/2D/Flower_hand.zip","Animation":null,"Clothes":null}
{"_id":{"$oid":"6348272f78830e4da78e79f1"},"Name":"Vat","Type":"else","Url":"Resources/EnvironmentProp/2D/Vat/Prefab/Vat","ZipUrl":"Resources/EnvironmentProp/2D/Vat.zip","Animation":null,"Clothes":null}
{"_id":{"$oid":"6348cbc155eda34831814352"},"Name":"MedicineBottle","Type":"else","Url":"Resources/Object/2D/MedicineBottle/Prefab/MedicineBottle","ZipUrl":"Resources/Object/2D/MedicineBottle.zip","Animation":[{"$oid":"6349024355eda3483181435e"},{"$oid":"634903ea55eda34831814361"}],"Clothes":null}
{"_id":{"$oid":"6348cff655eda34831814353"},"Name":"Preball","Type":"else","Url":"Resources/Object/2D/Preball/Prefab/Preball","ZipUrl":"Resources/Object/2D/Preball.zip","Animation":null,"Clothes":null}
{"_id":{"$oid":"634a1d7750a8a5dec96b835c"},"Name":"Pumpkin","Type":"else","Url":"Resources/Object/2D/Pumpkin/Prefab/Pumpkin","ZipUrl":"Resources/Object/2D/Pumpkin.zip","Animation":null,"Clothes":null}
{"_id":{"$oid":"634a230b50a8a5dec96b8362"},"Name":"MagicBroom","Type":"else","Url":"Resources/Character/2D/MagicBroom/Prefab/MagicBroom","ZipUrl":"Resources/Character/2D/MagicBroom.zip","Animation":[{"$oid":"634a22f550a8a5dec96b8361"},{"$oid":"634e69bc719d43c2c594df37"}],"Clothes":null}
{"_id":{"$oid":"63513caaee9cd8961d4bd2f8"},"Name":"db_girl","Type":"db","Url":"Resources/Character/2D/db_girl/Prefab/db_girl","ZipUrl":"Resources/Character/2D/db_girl.zip","Animation":[],"Clothes":[[]]}
{"_id":{"$oid":"63514120ee9cd8961d4bd2f9"},"Name":"db_father","Type":"db","Url":"Resources/Character/2D/db_father/Prefab/db_father","ZipUrl":"Resources/Character/2D/db_father.zip","Animation":[],"Clothes":[[]]}
{"_id":{"$oid":"6351425eee9cd8961d4bd2fa"},"Name":"db_mother","Type":"db","Url":"Resources/Character/2D/db_mother/Prefab/db_mother","ZipUrl":"Resources/Character/2D/db_mother.zip","Animation":[],"Clothes":[[]]}
{"_id":{"$oid":"635142afee9cd8961d4bd2fb"},"Name":"db_grandpa","Type":"db","Url":"Resources/Character/2D/db_grandpa/Prefab/db_grandpa","ZipUrl":"Resources/Character/2D/db_grandpa.zip","Animation":[],"Clothes":[[]]}
{"_id":{"$oid":"635142c0ee9cd8961d4bd2fc"},"Name":"db_grandma","Type":"db","Url":"Resources/Character/2D/db_grandma/Prefab/db_grandma","ZipUrl":"Resources/Character/2D/db_grandma.zip","Animation":[],"Clothes":[[]]}
{"_id":{"$oid":"635366854eb4e81920124909"},"Name":"Boat","Type":"else","Url":"Resources/EnvironmentProp/2D/Boat/Prefab/Boat","ZipUrl":"Resources/EnvironmentProp/2D/Boat.zip","Animation":null,"Clothes":null}
{"_id":{"$oid":"635c94e9ef968dd09fd7d2c2"},"Name":"db_rabbit","Type":"db","Url":"Resources/Character/2D/db_rabbit/Prefab/db_rabbit","ZipUrl":"Resources/Character/2D/db_rabbit.zip","Animation":[],"Clothes":[[]]}
{"_id":{"$oid":"6360b9ce282b83c3da0d2b6f"},"Name":"Balloons","Type":"else","Url":"Resources/EnvironmentProp/2D/Balloons/Prefab/Balloons","ZipUrl":"Resources/EnvironmentProp/2D/Balloons.zip","Animation":null,"Clothes":null}
{"_id":{"$oid":"63636ce9e5d3836615675189"},"Name":"db_elf","Type":"db","Url":"Resources/Character/2D/db_elf/Prefab/db_elf","ZipUrl":"Resources/Character/2D/db_elf.zip","Animation":[],"Clothes":[[]]}
