{"_id":{"$oid":"62ae9817f079cbfc32617152"},"Name":"Alpaca eat","Type":"1","Url":"Resources/Animation/2D/Alpaca/Alpaca eat.anim","ActorList":[{"$oid":"62ae770bf079cbfc32617123"}]}
{"_id":{"$oid":"62ae9cedf079cbfc32617158"},"Name":"Alpaca idle","Type":"1","Url":"Resources/Animation/2D/Alpaca/Alpaca idle.anim","ActorList":[{"$oid":"62ae770bf079cbfc32617123"}]}
{"_id":{"$oid":"62ae9d00f079cbfc32617159"},"Name":"Alpaca jump","Type":"1","Url":"Resources/Animation/2D/Alpaca/Alpaca jump.anim","ActorList":[{"$oid":"62ae770bf079cbfc32617123"}]}
{"_id":{"$oid":"62ae9d15f079cbfc3261715a"},"Name":"Alpaca sleep","Type":"1","Url":"Resources/Animation/2D/Alpaca/Alpaca sleep.anim","ActorList":[{"$oid":"62ae770bf079cbfc32617123"}]}
{"_id":{"$oid":"62ae9d6df079cbfc3261715b"},"Name":"Alpaca walk","Type":"1","Url":"Resources/Animation/2D/Alpaca/Alpaca walk.anim","ActorList":[{"$oid":"62ae770bf079cbfc32617123"}]}
{"_id":{"$oid":"62aeb3e7f079cbfc32617174"},"Name":"Alpaca baby eat","Type":"1","Url":"Resources/Animation/2D/Alpaca baby/Alpaca baby eat.anim","ActorList":[{"$oid":"62ae81acf079cbfc32617125"}]}
{"_id":{"$oid":"62aeb44bf079cbfc32617179"},"Name":"Alpaca baby idle","Type":"1","Url":"Resources/Animation/2D/Alpaca baby/Alpaca baby idle.anim","ActorList":[{"$oid":"62ae81acf079cbfc32617125"}]}
{"_id":{"$oid":"62aeb469f079cbfc3261717a"},"Name":"Alpaca baby jump","Type":"1","Url":"Resources/Animation/2D/Alpaca baby/Alpaca baby jump.anim","ActorList":[{"$oid":"62ae81acf079cbfc32617125"}]}
{"_id":{"$oid":"62aeb47ef079cbfc3261717b"},"Name":"Alpaca baby sleep","Type":"1","Url":"Resources/Animation/2D/Alpaca baby/Alpaca baby sleep.anim","ActorList":[{"$oid":"62ae81acf079cbfc32617125"}]}
{"_id":{"$oid":"62aeb49ff079cbfc3261717c"},"Name":"Alpaca baby walk","Type":"1","Url":"Resources/Animation/2D/Alpaca baby/Alpaca baby walk.anim","ActorList":[{"$oid":"62ae81acf079cbfc32617125"}]}
{"_id":{"$oid":"62aed366f079cbfc3261717d"},"Name":"Bull eat","Type":"1","Url":"Resources/Animation/2D/Bull/Bull eat.anim","ActorList":[{"$oid":"62ae81c7f079cbfc32617126"}]}
{"_id":{"$oid":"62aed5fcf079cbfc32617182"},"Name":"Bull idle","Type":"1","Url":"Resources/Animation/2D/Bull/Bull idle.anim","ActorList":[{"$oid":"62ae81c7f079cbfc32617126"}]}
{"_id":{"$oid":"62aed62af079cbfc32617183"},"Name":"Bull jump","Type":"1","Url":"Resources/Animation/2D/Bull/Bull jump.anim","ActorList":[{"$oid":"62ae81c7f079cbfc32617126"}]}
{"_id":{"$oid":"62aed655f079cbfc32617184"},"Name":"Bull sleep","Type":"1","Url":"Resources/Animation/2D/Bull/Bull sleep.anim","ActorList":[{"$oid":"62ae81c7f079cbfc32617126"}]}
{"_id":{"$oid":"62aed668f079cbfc32617185"},"Name":"Bull walk","Type":"1","Url":"Resources/Animation/2D/Bull/Bull walk.anim","ActorList":[{"$oid":"62ae81c7f079cbfc32617126"}]}
{"_id":{"$oid":"62aed776f079cbfc32617187"},"Name":"Bull baby eat","Type":"1","Url":"Resources/Animation/2D/Bull baby/Bull baby eat.anim","ActorList":[{"$oid":"62ae81e6f079cbfc32617127"}]}
{"_id":{"$oid":"62aed7f1f079cbfc3261718c"},"Name":"Bull baby idle","Type":"1","Url":"Resources/Animation/2D/Bull baby/Bull baby idle.anim","ActorList":[{"$oid":"62ae81e6f079cbfc32617127"}]}
{"_id":{"$oid":"62aed807f079cbfc3261718d"},"Name":"Bull baby jump","Type":"1","Url":"Resources/Animation/2D/Bull baby/Bull baby jump.anim","ActorList":[{"$oid":"62ae81e6f079cbfc32617127"}]}
{"_id":{"$oid":"62aed825f079cbfc3261718e"},"Name":"Bull baby sleep","Type":"1","Url":"Resources/Animation/2D/Bull baby/Bull baby sleep.anim","ActorList":[{"$oid":"62ae81e6f079cbfc32617127"}]}
{"_id":{"$oid":"62aed849f079cbfc3261718f"},"Name":"Bull baby walk","Type":"1","Url":"Resources/Animation/2D/Bull baby/Bull baby walk.anim","ActorList":[{"$oid":"62ae81e6f079cbfc32617127"}]}
{"_id":{"$oid":"62aed8d0f079cbfc32617190"},"Name":"Chicken baby eat","Type":"1","Url":"Resources/Animation/2D/Chicken baby/Chicken baby eat.anim","ActorList":[{"$oid":"62ae8217f079cbfc32617128"}]}
{"_id":{"$oid":"62aeda2cf079cbfc326171a2"},"Name":"Chicken baby idle","Type":"1","Url":"Resources/Animation/2D/Chicken baby/Chicken baby idle.anim","ActorList":[{"$oid":"62ae8217f079cbfc32617128"}]}
{"_id":{"$oid":"62aeda59f079cbfc326171a3"},"Name":"Chicken baby jump","Type":"1","Url":"Resources/Animation/2D/Chicken baby/Chicken baby jump.anim","ActorList":[{"$oid":"62ae8217f079cbfc32617128"}]}
{"_id":{"$oid":"62aeda80f079cbfc326171a4"},"Name":"Chicken baby sleep","Type":"1","Url":"Resources/Animation/2D/Chicken baby/Chicken baby sleep.anim","ActorList":[{"$oid":"62ae8217f079cbfc32617128"}]}
{"_id":{"$oid":"62aeda95f079cbfc326171a5"},"Name":"Chicken baby walk","Type":"1","Url":"Resources/Animation/2D/Chicken baby/Chicken baby walk.anim","ActorList":[{"$oid":"62ae8217f079cbfc32617128"}]}
{"_id":{"$oid":"62aee1e0f079cbfc326171a6"},"Name":"Chicken1 eat","Type":"1","Url":"Resources/Animation/2D/Chicken1/Chicken1 eat.anim","ActorList":[{"$oid":"62ae8260f079cbfc3261712a"}]}
{"_id":{"$oid":"62aee254f079cbfc326171af"},"Name":"Chicken1 idle","Type":"1","Url":"Resources/Animation/2D/Chicken1/Chicken1 idle.anim","ActorList":[{"$oid":"62ae8260f079cbfc3261712a"}]}
{"_id":{"$oid":"62aee262f079cbfc326171b0"},"Name":"Chicken1 jump","Type":"1","Url":"Resources/Animation/2D/Chicken1/Chicken1 jump.anim","ActorList":[{"$oid":"62ae8260f079cbfc3261712a"}]}
{"_id":{"$oid":"62aee279f079cbfc326171b1"},"Name":"Chicken1 sleep","Type":"1","Url":"Resources/Animation/2D/Chicken1/Chicken1 sleep.anim","ActorList":[{"$oid":"62ae8260f079cbfc3261712a"}]}
{"_id":{"$oid":"62aee29af079cbfc326171b2"},"Name":"Chicken1 walk","Type":"1","Url":"Resources/Animation/2D/Chicken1/Chicken1 walk.anim","ActorList":[{"$oid":"62ae8260f079cbfc3261712a"}]}
{"_id":{"$oid":"62aee2adf079cbfc326171b3"},"Name":"Chicken2 eat","Type":"1","Url":"Resources/Animation/2D/Chicken2/Chicken2 eat.anim","ActorList":[{"$oid":"62ae8956f079cbfc3261712b"}]}
{"_id":{"$oid":"62aee2fdf079cbfc326171b8"},"Name":"Chicken2 idle","Type":"1","Url":"Resources/Animation/2D/Chicken2/Chicken2 idle.anim","ActorList":[{"$oid":"62ae8956f079cbfc3261712b"}]}
{"_id":{"$oid":"62aee31af079cbfc326171b9"},"Name":"Chicken2 jump","Type":"1","Url":"Resources/Animation/2D/Chicken2/Chicken2 jump.anim","ActorList":[{"$oid":"62ae8956f079cbfc3261712b"}]}
{"_id":{"$oid":"62aee330f079cbfc326171ba"},"Name":"Chicken2 sleep","Type":"1","Url":"Resources/Animation/2D/Chicken2/Chicken2 sleep.anim","ActorList":[{"$oid":"62ae8956f079cbfc3261712b"}]}
{"_id":{"$oid":"62aee34af079cbfc326171bb"},"Name":"Chicken2 walk","Type":"1","Url":"Resources/Animation/2D/Chicken2/Chicken2 walk.anim","ActorList":[{"$oid":"62ae8956f079cbfc3261712b"}]}
{"_id":{"$oid":"62aee378f079cbfc326171bc"},"Name":"Cow eat","Type":"1","Url":"Resources/Animation/2D/Cow/Cow eat.anim","ActorList":[{"$oid":"62ae8974f079cbfc3261712c"}]}
{"_id":{"$oid":"62aee3f5f079cbfc326171c1"},"Name":"Cow idle","Type":"1","Url":"Resources/Animation/2D/Cow/Cow idle.anim","ActorList":[{"$oid":"62ae8974f079cbfc3261712c"}]}
{"_id":{"$oid":"62aee408f079cbfc326171c2"},"Name":"Cow jump","Type":"1","Url":"Resources/Animation/2D/Cow/Cow jump.anim","ActorList":[{"$oid":"62ae8974f079cbfc3261712c"}]}
{"_id":{"$oid":"62aee42bf079cbfc326171c3"},"Name":"Cow sleep","Type":"1","Url":"Resources/Animation/2D/Cow/Cow sleep.anim","ActorList":[{"$oid":"62ae8974f079cbfc3261712c"}]}
{"_id":{"$oid":"62aee43ef079cbfc326171c4"},"Name":"Cow walk","Type":"1","Url":"Resources/Animation/2D/Cow/Cow walk.anim","ActorList":[{"$oid":"62ae8974f079cbfc3261712c"}]}
{"_id":{"$oid":"62aee483f079cbfc326171c5"},"Name":"Cow baby eat","Type":"1","Url":"Resources/Animation/2D/Cow baby/Cow baby eat.anim","ActorList":[{"$oid":"62ae89b9f079cbfc3261712d"}]}
{"_id":{"$oid":"62aee4c6f079cbfc326171ca"},"Name":"Cow baby idle","Type":"1","Url":"Resources/Animation/2D/Cow baby/Cow baby idle.anim","ActorList":[{"$oid":"62ae89b9f079cbfc3261712d"}]}
{"_id":{"$oid":"62aee4dbf079cbfc326171cb"},"Name":"Cow baby jump","Type":"1","Url":"Resources/Animation/2D/Cow baby/Cow baby jump.anim","ActorList":[{"$oid":"62ae89b9f079cbfc3261712d"}]}
{"_id":{"$oid":"62aee4ebf079cbfc326171cc"},"Name":"Cow baby sleep","Type":"1","Url":"Resources/Animation/2D/Cow baby/Cow baby sleep.anim","ActorList":[{"$oid":"62ae89b9f079cbfc3261712d"}]}
{"_id":{"$oid":"62aee4fef079cbfc326171cd"},"Name":"Cow baby walk","Type":"1","Url":"Resources/Animation/2D/Cow baby/Cow baby walk.anim","ActorList":[{"$oid":"62ae89b9f079cbfc3261712d"}]}
{"_id":{"$oid":"62aee54bf079cbfc326171ce"},"Name":"Duck baby eat","Type":"1","Url":"Resources/Animation/2D/Duck baby/Duck baby eat.anim","ActorList":[{"$oid":"62ae89caf079cbfc3261712e"}]}
{"_id":{"$oid":"62aee58ef079cbfc326171d3"},"Name":"Duck baby idle","Type":"1","Url":"Resources/Animation/2D/Duck baby/Duck baby idle.anim","ActorList":[{"$oid":"62ae89caf079cbfc3261712e"}]}
{"_id":{"$oid":"62aee5a3f079cbfc326171d4"},"Name":"Duck baby jump","Type":"1","Url":"Resources/Animation/2D/Duck baby/Duck baby jump.anim","ActorList":[{"$oid":"62ae89caf079cbfc3261712e"}]}
{"_id":{"$oid":"62aee5cff079cbfc326171d5"},"Name":"Duck baby sleep","Type":"1","Url":"Resources/Animation/2D/Duck baby/Duck baby sleep.anim","ActorList":[{"$oid":"62ae89caf079cbfc3261712e"}]}
{"_id":{"$oid":"62aee5edf079cbfc326171d6"},"Name":"Duck baby walk","Type":"1","Url":"Resources/Animation/2D/Duck baby/Duck baby walk.anim","ActorList":[{"$oid":"62ae89caf079cbfc3261712e"}]}
{"_id":{"$oid":"62aee621f079cbfc326171d7"},"Name":"Duck1 eat","Type":"1","Url":"Resources/Animation/2D/Duck1/Duck1 eat.anim","ActorList":[{"$oid":"62ae89eef079cbfc3261712f"}]}
{"_id":{"$oid":"62aee673f079cbfc326171dc"},"Name":"Duck1 idle","Type":"1","Url":"Resources/Animation/2D/Duck1/Duck1 idle.anim","ActorList":[{"$oid":"62ae89eef079cbfc3261712f"}]}
{"_id":{"$oid":"62aee68bf079cbfc326171dd"},"Name":"Duck1 jump","Type":"1","Url":"Resources/Animation/2D/Duck1/Duck1 jump.anim","ActorList":[{"$oid":"62ae89eef079cbfc3261712f"}]}
{"_id":{"$oid":"62aee6a4f079cbfc326171de"},"Name":"Duck1 sleep","Type":"1","Url":"Resources/Animation/2D/Duck1/Duck1 sleep.anim","ActorList":[{"$oid":"62ae89eef079cbfc3261712f"}]}
{"_id":{"$oid":"62aee6b8f079cbfc326171df"},"Name":"Duck1 walk","Type":"1","Url":"Resources/Animation/2D/Duck1/Duck1 walk.anim","ActorList":[{"$oid":"62ae89eef079cbfc3261712f"}]}
{"_id":{"$oid":"62aee6daf079cbfc326171e0"},"Name":"Duck2 eat","Type":"1","Url":"Resources/Animation/2D/Duck2/Duck2 eat.anim","ActorList":[{"$oid":"62ae8a18f079cbfc32617130"}]}
{"_id":{"$oid":"62aee72ef079cbfc326171e5"},"Name":"Duck2 idle","Type":"1","Url":"Resources/Animation/2D/Duck2/Duck2 idle.anim","ActorList":[{"$oid":"62ae8a18f079cbfc32617130"}]}
{"_id":{"$oid":"62aee758f079cbfc326171e6"},"Name":"Duck2 jump","Type":"1","Url":"Resources/Animation/2D/Duck2/Duck2 jump.anim","ActorList":[{"$oid":"62ae8a18f079cbfc32617130"}]}
{"_id":{"$oid":"62aee77af079cbfc326171e7"},"Name":"Duck2 sleep","Type":"1","Url":"Resources/Animation/2D/Duck2/Duck2 sleep.anim","ActorList":[{"$oid":"62ae8a18f079cbfc32617130"}]}
{"_id":{"$oid":"62aee78ff079cbfc326171e8"},"Name":"Duck2 walk","Type":"1","Url":"Resources/Animation/2D/Duck2/Duck2 walk.anim","ActorList":[{"$oid":"62ae8a18f079cbfc32617130"}]}
{"_id":{"$oid":"62aee7bbf079cbfc326171e9"},"Name":"Goat eat","Type":"1","Url":"Resources/Animation/2D/Goat/Goat eat.anim","ActorList":[{"$oid":"62ae8a30f079cbfc32617131"}]}
{"_id":{"$oid":"62aee824f079cbfc326171ee"},"Name":"Goat idle","Type":"1","Url":"Resources/Animation/2D/Goat/Goat idle.anim","ActorList":[{"$oid":"62ae8a30f079cbfc32617131"}]}
{"_id":{"$oid":"62aee833f079cbfc326171ef"},"Name":"Goat jump","Type":"1","Url":"Resources/Animation/2D/Goat/Goat jump.anim","ActorList":[{"$oid":"62ae8a30f079cbfc32617131"}]}
{"_id":{"$oid":"62aee84bf079cbfc326171f0"},"Name":"Goat sleep","Type":"1","Url":"Resources/Animation/2D/Goat/Goat sleep.anim","ActorList":[{"$oid":"62ae8a30f079cbfc32617131"}]}
{"_id":{"$oid":"62aee868f079cbfc326171f1"},"Name":"Goat walk","Type":"1","Url":"Resources/Animation/2D/Goat/Goat walk.anim","ActorList":[{"$oid":"62ae8a30f079cbfc32617131"}]}
{"_id":{"$oid":"62af055cf079cbfc32617200"},"Name":"Goat baby eat","Type":"1","Url":"Resources/Animation/2D/Goat baby/Goat baby eat.anim","ActorList":[{"$oid":"62ae8a5ef079cbfc32617132"}]}
{"_id":{"$oid":"62af06abf079cbfc32617205"},"Name":"Goat baby idle","Type":"1","Url":"Resources/Animation/2D/Goat baby/Goat baby idle.anim","ActorList":[{"$oid":"62ae8a5ef079cbfc32617132"}]}
{"_id":{"$oid":"62af06d2f079cbfc32617206"},"Name":"Goat baby jump","Type":"1","Url":"Resources/Animation/2D/Goat baby/Goat baby jump.anim","ActorList":[{"$oid":"62ae8a5ef079cbfc32617132"}]}
{"_id":{"$oid":"62af06e7f079cbfc32617207"},"Name":"Goat baby sleep","Type":"1","Url":"Resources/Animation/2D/Goat baby/Goat baby sleep.anim","ActorList":[{"$oid":"62ae8a5ef079cbfc32617132"}]}
{"_id":{"$oid":"62af06fcf079cbfc32617208"},"Name":"Goat baby walk","Type":"1","Url":"Resources/Animation/2D/Goat baby/Goat baby walk.anim","ActorList":[{"$oid":"62ae8a5ef079cbfc32617132"}]}
{"_id":{"$oid":"62af071af079cbfc32617209"},"Name":"Pig baby1 eat","Type":"1","Url":"Resources/Animation/2D/Pig baby1/Pig baby1 eat.anim","ActorList":[{"$oid":"62ae8a8ff079cbfc32617133"}]}
{"_id":{"$oid":"62af077ef079cbfc32617212"},"Name":"Pig baby1 idle","Type":"1","Url":"Resources/Animation/2D/Pig baby1/Pig baby1 idle.anim","ActorList":[{"$oid":"62ae8a8ff079cbfc32617133"}]}
{"_id":{"$oid":"62af078ef079cbfc32617213"},"Name":"Pig baby1 jump","Type":"1","Url":"Resources/Animation/2D/Pig baby1/Pig baby1 jump.anim","ActorList":[{"$oid":"62ae8a8ff079cbfc32617133"}]}
{"_id":{"$oid":"62af07c4f079cbfc32617214"},"Name":"Pig baby1 sleep","Type":"1","Url":"Resources/Animation/2D/Pig baby1/Pig baby1 sleep.anim","ActorList":[{"$oid":"62ae8a8ff079cbfc32617133"}]}
{"_id":{"$oid":"62af07d9f079cbfc32617215"},"Name":"Pig baby1 walk","Type":"1","Url":"Resources/Animation/2D/Pig baby1/Pig baby1 walk.anim","ActorList":[{"$oid":"62ae8a8ff079cbfc32617133"}]}
{"_id":{"$oid":"62af07f6f079cbfc32617216"},"Name":"Pig baby2 eat","Type":"1","Url":"Resources/Animation/2D/Pig baby2/Pig baby2 eat.anim","ActorList":[{"$oid":"62ae8ab0f079cbfc32617134"}]}
{"_id":{"$oid":"62af083cf079cbfc3261721b"},"Name":"Pig baby2 idle","Type":"1","Url":"Resources/Animation/2D/Pig baby2/Pig baby2 idle.anim","ActorList":[{"$oid":"62ae8ab0f079cbfc32617134"}]}
{"_id":{"$oid":"62af085af079cbfc3261721c"},"Name":"Pig baby2 jump","Type":"1","Url":"Resources/Animation/2D/Pig baby2/Pig baby2 jump.anim","ActorList":[{"$oid":"62ae8ab0f079cbfc32617134"}]}
{"_id":{"$oid":"62af0874f079cbfc3261721d"},"Name":"Pig baby2 sleep","Type":"1","Url":"Resources/Animation/2D/Pig baby2/Pig baby2 sleep.anim","ActorList":[{"$oid":"62ae8ab0f079cbfc32617134"}]}
{"_id":{"$oid":"62af0895f079cbfc3261721e"},"Name":"Pig baby2 walk","Type":"1","Url":"Resources/Animation/2D/Pig baby2/Pig baby2 walk.anim","ActorList":[{"$oid":"62ae8ab0f079cbfc32617134"}]}
{"_id":{"$oid":"62af090af079cbfc3261721f"},"Name":"Pig baby3 eat","Type":"1","Url":"Resources/Animation/2D/Pig baby3/Pig baby3 eat.anim","ActorList":[{"$oid":"62ae8ac5f079cbfc32617135"}]}
{"_id":{"$oid":"62af09f8f079cbfc32617224"},"Name":"Pig baby3 idle","Type":"1","Url":"Resources/Animation/2D/Pig baby3/Pig baby3 idle.anim","ActorList":[{"$oid":"62ae8ac5f079cbfc32617135"}]}
{"_id":{"$oid":"62af0a08f079cbfc32617225"},"Name":"Pig baby3 jump","Type":"1","Url":"Resources/Animation/2D/Pig baby3/Pig baby3 jump.anim","ActorList":[{"$oid":"62ae8ac5f079cbfc32617135"}]}
{"_id":{"$oid":"62af0a26f079cbfc32617226"},"Name":"Pig baby3 sleep","Type":"1","Url":"Resources/Animation/2D/Pig baby3/Pig baby3 sleep.anim","ActorList":[{"$oid":"62ae8ac5f079cbfc32617135"}]}
{"_id":{"$oid":"62af0a38f079cbfc32617227"},"Name":"Pig baby3 walk","Type":"1","Url":"Resources/Animation/2D/Pig baby3/Pig baby3 walk.anim","ActorList":[{"$oid":"62ae8ac5f079cbfc32617135"}]}
{"_id":{"$oid":"62af0a65f079cbfc32617228"},"Name":"Pig1 eat","Type":"1","Url":"Resources/Animation/2D/Pig1/Pig1 eat.anim","ActorList":[{"$oid":"62ae8ad6f079cbfc32617136"}]}
{"_id":{"$oid":"62af0acaf079cbfc3261722d"},"Name":"Pig1 idle","Type":"1","Url":"Resources/Animation/2D/Pig1/Pig1 idle.anim","ActorList":[{"$oid":"62ae8ad6f079cbfc32617136"}]}
{"_id":{"$oid":"62af0adef079cbfc3261722e"},"Name":"Pig1 jump","Type":"1","Url":"Resources/Animation/2D/Pig1/Pig1 jump.anim","ActorList":[{"$oid":"62ae8ad6f079cbfc32617136"}]}
{"_id":{"$oid":"62af0b01f079cbfc3261722f"},"Name":"Pig1 sleep","Type":"1","Url":"Resources/Animation/2D/Pig1/Pig1 sleep.anim","ActorList":[{"$oid":"62ae8ad6f079cbfc32617136"}]}
{"_id":{"$oid":"62af0b16f079cbfc32617230"},"Name":"Pig1 walk","Type":"1","Url":"Resources/Animation/2D/Pig1/Pig1 walk.anim","ActorList":[{"$oid":"62ae8ad6f079cbfc32617136"}]}
{"_id":{"$oid":"62af0b5bf079cbfc32617231"},"Name":"Pig2 eat","Type":"1","Url":"Resources/Animation/2D/Pig2/Pig2 eat.anim","ActorList":[{"$oid":"62ae8b01f079cbfc32617137"}]}
{"_id":{"$oid":"62af0bebf079cbfc32617236"},"Name":"Pig2 idle","Type":"1","Url":"Resources/Animation/2D/Pig2/Pig2 idle.anim","ActorList":[{"$oid":"62ae8b01f079cbfc32617137"}]}
{"_id":{"$oid":"62af0bfef079cbfc32617237"},"Name":"Pig2 jump","Type":"1","Url":"Resources/Animation/2D/Pig2/Pig2 jump.anim","ActorList":[{"$oid":"62ae8b01f079cbfc32617137"}]}
{"_id":{"$oid":"62af0c24f079cbfc32617238"},"Name":"Pig2 sleep","Type":"1","Url":"Resources/Animation/2D/Pig2/Pig2 sleep.anim","ActorList":[{"$oid":"62ae8b01f079cbfc32617137"}]}
{"_id":{"$oid":"62af0c41f079cbfc32617239"},"Name":"Pig2 walk","Type":"1","Url":"Resources/Animation/2D/Pig2/Pig2 walk.anim","ActorList":[{"$oid":"62ae8b01f079cbfc32617137"}]}
{"_id":{"$oid":"62af0c61f079cbfc3261723a"},"Name":"Pig3 eat","Type":"1","Url":"Resources/Animation/2D/Pig3/Pig3 eat.anim","ActorList":[{"$oid":"62ae8b13f079cbfc32617138"}]}
{"_id":{"$oid":"62af0ca6f079cbfc3261723f"},"Name":"Pig3 idle","Type":"1","Url":"Resources/Animation/2D/Pig3/Pig3 idle.anim","ActorList":[{"$oid":"62ae8b13f079cbfc32617138"}]}
{"_id":{"$oid":"62af0cc3f079cbfc32617240"},"Name":"Pig3 jump","Type":"1","Url":"Resources/Animation/2D/Pig3/Pig3 jump.anim","ActorList":[{"$oid":"62ae8b13f079cbfc32617138"}]}
{"_id":{"$oid":"62af0cd7f079cbfc32617241"},"Name":"Pig3 sleep","Type":"1","Url":"Resources/Animation/2D/Pig3/Pig3 sleep.anim","ActorList":[{"$oid":"62ae8b13f079cbfc32617138"}]}
{"_id":{"$oid":"62af0ce8f079cbfc32617242"},"Name":"Pig3 walk","Type":"1","Url":"Resources/Animation/2D/Pig3/Pig3 walk.anim","ActorList":[{"$oid":"62ae8b13f079cbfc32617138"}]}
{"_id":{"$oid":"62af0d10f079cbfc32617243"},"Name":"Sheep eat","Type":"1","Url":"Resources/Animation/2D/Sheep/Sheep eat.anim","ActorList":[{"$oid":"62ae8b46f079cbfc32617139"}]}
{"_id":{"$oid":"62af0de6f079cbfc32617248"},"Name":"Sheep idle","Type":"1","Url":"Resources/Animation/2D/Sheep/Sheep idle.anim","ActorList":[{"$oid":"62ae8b46f079cbfc32617139"}]}
{"_id":{"$oid":"62af0df3f079cbfc32617249"},"Name":"Sheep jump","Type":"1","Url":"Resources/Animation/2D/Sheep/Sheep jump.anim","ActorList":[{"$oid":"62ae8b46f079cbfc32617139"}]}
{"_id":{"$oid":"62af0e07f079cbfc3261724a"},"Name":"Sheep sleep","Type":"1","Url":"Resources/Animation/2D/Sheep/Sheep sleep.anim","ActorList":[{"$oid":"62ae8b46f079cbfc32617139"}]}
{"_id":{"$oid":"62af0e18f079cbfc3261724b"},"Name":"Sheep walk","Type":"1","Url":"Resources/Animation/2D/Sheep/Sheep walk.anim","ActorList":[{"$oid":"62ae8b46f079cbfc32617139"}]}
{"_id":{"$oid":"62af0e41f079cbfc3261724c"},"Name":"Sheep baby eat","Type":"1","Url":"Resources/Animation/2D/Sheep baby/Sheep baby eat.anim","ActorList":[{"$oid":"62ae8b6cf079cbfc3261713a"}]}
{"_id":{"$oid":"62af0e9af079cbfc32617251"},"Name":"Sheep baby idle","Type":"1","Url":"Resources/Animation/2D/Sheep baby/Sheep baby idle.anim","ActorList":[{"$oid":"62ae8b6cf079cbfc3261713a"}]}
{"_id":{"$oid":"62af0eaaf079cbfc32617252"},"Name":"Sheep baby jump","Type":"1","Url":"Resources/Animation/2D/Sheep baby/Sheep baby jump.anim","ActorList":[{"$oid":"62ae8b6cf079cbfc3261713a"}]}
{"_id":{"$oid":"62af0ec6f079cbfc32617253"},"Name":"Sheep baby sleep","Type":"1","Url":"Resources/Animation/2D/Sheep baby/Sheep baby sleep.anim","ActorList":[{"$oid":"62ae8b6cf079cbfc3261713a"}]}
{"_id":{"$oid":"62af0ee7f079cbfc32617254"},"Name":"Sheep baby walk","Type":"1","Url":"Resources/Animation/2D/Sheep baby/Sheep baby walk.anim","ActorList":[{"$oid":"62ae8b6cf079cbfc3261713a"}]}
{"_id":{"$oid":"62b3cbcd068fbb225da3bdd3"},"Name":"rabbit eat","Type":"1","Url":"Resources/Animation/2D/rabbit/rabbit eat.anim","ActorList":[{"$oid":"62ac4f3a3c4dc9f04f1ae404"}]}
{"_id":{"$oid":"62b3cc20068fbb225da3bdd4"},"Name":"rabbit idle","Type":"1","Url":"Resources/Animation/2D/rabbit/rabbit idle.anim","ActorList":[{"$oid":"62ac4f3a3c4dc9f04f1ae404"}]}
{"_id":{"$oid":"62b3cc3e068fbb225da3bdd5"},"Name":"rabbit jump","Type":"1","Url":"Resources/Animation/2D/rabbit/rabbit jump.anim","ActorList":[{"$oid":"62ac4f3a3c4dc9f04f1ae404"}]}
{"_id":{"$oid":"62b3cc4e068fbb225da3bdd6"},"Name":"rabbit sleep","Type":"1","Url":"Resources/Animation/2D/rabbit/rabbit sleep.anim","ActorList":[{"$oid":"62ac4f3a3c4dc9f04f1ae404"}]}
{"_id":{"$oid":"62b3cc67068fbb225da3bdd7"},"Name":"rabbit walk","Type":"1","Url":"Resources/Animation/2D/rabbit/rabbit walk.anim","ActorList":[{"$oid":"62ac4f3a3c4dc9f04f1ae404"}]}
{"_id":{"$oid":"62b3ce64068fbb225da3bde7"},"Name":"rabbit speak","Type":"1","Url":"Resources/Animation/2D/rabbit/rabbit speak.anim","ActorList":[{"$oid":"62ac4f3a3c4dc9f04f1ae404"}]}
{"_id":{"$oid":"62b90b27f15ac3c21d50de4e"},"Name":"flower open","Type":"1","Url":"Resources/Animation/2D/Flower/flower open.anim","ActorList":[{"$oid":"62b5d5e1b2d025e9c02509a5"}]}
{"_id":{"$oid":"62b90b79f15ac3c21d50de53"},"Name":"flower close","Type":"1","Url":"Resources/Animation/2D/Flower/flower close.anim","ActorList":[{"$oid":"62b5d5e1b2d025e9c02509a5"}]}
{"_id":{"$oid":"62b91451f15ac3c21d50de57"},"Name":"cuteAnimal_TypeA_Eat","Type":"1","Url":"Resources/Animation/cuteAnimal/TypeA/cuteAnimal_TypeA_Eat.fbx","ActorList":[{"$oid":"62c4262277001c4b41994d12"},{"$oid":"62c425db77001c4b41994d10"},{"$oid":"62c425ac77001c4b41994d0f"},{"$oid":"62b913d4f15ac3c21d50de56"},{"$oid":"62ac4f0d3c4dc9f04f1ae402"},{"$oid":"62f659c713cb90b5c3b449ff"},{"$oid":"62c3ebd08ca557d7da87e22a"}]}
{"_id":{"$oid":"62b914a7f15ac3c21d50de58"},"Name":"cuteAnimal_TypeA_Run","Type":"1","Url":"Resources/Animation/cuteAnimal/TypeA/cuteAnimal_TypeA_Run.fbx","ActorList":[{"$oid":"62c4262277001c4b41994d12"},{"$oid":"62c425db77001c4b41994d10"},{"$oid":"62c425ac77001c4b41994d0f"},{"$oid":"62b913d4f15ac3c21d50de56"},{"$oid":"62ac4f0d3c4dc9f04f1ae402"},{"$oid":"62f659c713cb90b5c3b449ff"},{"$oid":"62c3ebd08ca557d7da87e22a"}]}
{"_id":{"$oid":"62b916f9f15ac3c21d50de59"},"Name":"cuteAnimal_TypeA_Speak","Type":"1","Url":"Resources/Animation/cuteAnimal/TypeA/cuteAnimal_TypeA_Speak.fbx","ActorList":[{"$oid":"62c4262277001c4b41994d12"},{"$oid":"62c425db77001c4b41994d10"},{"$oid":"62c425ac77001c4b41994d0f"},{"$oid":"62b913d4f15ac3c21d50de56"},{"$oid":"62ac4f0d3c4dc9f04f1ae402"},{"$oid":"62f659c713cb90b5c3b449ff"},{"$oid":"62c3ebd08ca557d7da87e22a"}]}
{"_id":{"$oid":"62b918bff15ac3c21d50de5b"},"Name":"cuteAnimal_TypeA_Jump","Type":"1","Url":"Resources/Animation/cuteAnimal/TypeA/cuteAnimal_TypeA_Jump.fbx","ActorList":[{"$oid":"62c4262277001c4b41994d12"},{"$oid":"62c425db77001c4b41994d10"},{"$oid":"62c425ac77001c4b41994d0f"},{"$oid":"62b913d4f15ac3c21d50de56"},{"$oid":"62ac4f0d3c4dc9f04f1ae402"},{"$oid":"62f659c713cb90b5c3b449ff"},{"$oid":"62c3ebd08ca557d7da87e22a"}]}
{"_id":{"$oid":"62b918f3f15ac3c21d50de5c"},"Name":"cuteAnimal_TypeA_Rest","Type":"1","Url":"Resources/Animation/cuteAnimal/TypeA/cuteAnimal_TypeA_Rest.fbx","ActorList":[{"$oid":"62c4262277001c4b41994d12"},{"$oid":"62c425db77001c4b41994d10"},{"$oid":"62c425ac77001c4b41994d0f"},{"$oid":"62b913d4f15ac3c21d50de56"},{"$oid":"62ac4f0d3c4dc9f04f1ae402"},{"$oid":"62f659c713cb90b5c3b449ff"},{"$oid":"62c3ebd08ca557d7da87e22a"}]}
{"_id":{"$oid":"62b91920f15ac3c21d50de5d"},"Name":"cuteAnimal_TypeA_Walk","Type":"1","Url":"Resources/Animation/cuteAnimal/TypeA/cuteAnimal_TypeA_Walk.fbx","ActorList":[{"$oid":"62c4262277001c4b41994d12"},{"$oid":"62c425db77001c4b41994d10"},{"$oid":"62c425ac77001c4b41994d0f"},{"$oid":"62b913d4f15ac3c21d50de56"},{"$oid":"62ac4f0d3c4dc9f04f1ae402"},{"$oid":"62f659c713cb90b5c3b449ff"},{"$oid":"62c3ebd08ca557d7da87e22a"}]}
{"_id":{"$oid":"62beef5ead497783c7bbea78"},"Name":"Bumble@Die","Type":"1","Url":"Resources/Animation/3D/Bumble3D/FBX/Bumble@Die.FBX","ActorList":[{"$oid":"62beed3cad497783c7bbea70"}]}
{"_id":{"$oid":"62beefe1ad497783c7bbea79"},"Name":"Bumble@Fly Forward In Place","Type":"1","Url":"Resources/Animation/3D/Bumble3D/FBX/Bumble@Fly Forward In Place.FBX","ActorList":[{"$oid":"62beed3cad497783c7bbea70"}]}
{"_id":{"$oid":"62bef025ad497783c7bbea7b"},"Name":"Bumble@Fly Forward W Root","Type":"1","Url":"Resources/Animation/3D/Bumble3D/FBX/Bumble@Fly Forward W Root.FBX","ActorList":[{"$oid":"62beed3cad497783c7bbea70"}]}
{"_id":{"$oid":"62bef049ad497783c7bbea7c"},"Name":"Bumble@Speak","Type":"1","Url":"Resources/Animation/3D/Bumble3D/FBX/Bumble@Speak.FBX","ActorList":[{"$oid":"62beed3cad497783c7bbea70"}]}
{"_id":{"$oid":"62bef072ad497783c7bbea7d"},"Name":"Bumble@Jump","Type":"1","Url":"Resources/Animation/3D/Bumble3D/FBX/Bumble@Jump.FBX","ActorList":[{"$oid":"62beed3cad497783c7bbea70"}]}
{"_id":{"$oid":"62bef09bad497783c7bbea7e"},"Name":"Bumble@Turn Left","Type":"1","Url":"Resources/Animation/3D/Bumble3D/FBX/Bumble@Turn Left.FBX","ActorList":[{"$oid":"62beed3cad497783c7bbea70"}]}
{"_id":{"$oid":"62bef0c7ad497783c7bbea80"},"Name":"Bumble@Turn Right","Type":"1","Url":"Resources/Animation/3D/Bumble3D/FBX/Bumble@Turn Right.FBX","ActorList":[{"$oid":"62beed3cad497783c7bbea70"}]}
{"_id":{"$oid":"62bef17fad497783c7bbea81"},"Name":"Butterfly@Die","Type":"1","Url":"Resources/Animation/3D/Butterfly3D/FBX/Butterfly@Die.FBX","ActorList":[{"$oid":"62beee2fad497783c7bbea71"}]}
{"_id":{"$oid":"62bef415ad497783c7bbea86"},"Name":"Butterfly@Fly Forward In Place","Type":"1","Url":"Resources/Animation/3D/Butterfly3D/FBX/Butterfly@Fly Forward In Place.FBX","ActorList":[{"$oid":"62beee2fad497783c7bbea71"}]}
{"_id":{"$oid":"62bef47cad497783c7bbea88"},"Name":"Butterfly@Fly Forward W Root","Type":"1","Url":"Resources/Animation/3D/Butterfly3D/FBX/Butterfly@Fly Forward W Root.FBX","ActorList":[{"$oid":"62beee2fad497783c7bbea71"}]}
{"_id":{"$oid":"62bef498ad497783c7bbea89"},"Name":"Butterfly@Speak","Type":"1","Url":"Resources/Animation/3D/Butterfly3D/FBX/Butterfly@Speak.FBX","ActorList":[{"$oid":"62beee2fad497783c7bbea71"}]}
{"_id":{"$oid":"62bef4b5ad497783c7bbea8b"},"Name":"Butterfly@Look Around","Type":"1","Url":"Resources/Animation/3D/Butterfly3D/FBX/Butterfly@Look Around.FBX","ActorList":[{"$oid":"62beee2fad497783c7bbea71"}]}
{"_id":{"$oid":"62bef4cdad497783c7bbea8c"},"Name":"Butterfly@Turn Left","Type":"1","Url":"Resources/Animation/3D/Butterfly3D/FBX/Butterfly@Turn Left.FBX","ActorList":[{"$oid":"62beee2fad497783c7bbea71"}]}
{"_id":{"$oid":"62bef4eead497783c7bbea8d"},"Name":"Butterfly@Turn Right","Type":"1","Url":"Resources/Animation/3D/Butterfly3D/FBX/Butterfly@Turn Right.FBX","ActorList":[{"$oid":"62beee2fad497783c7bbea71"}]}
{"_id":{"$oid":"62bef519ad497783c7bbea8e"},"Name":"Butterfly@Underground","Type":"1","Url":"Resources/Animation/3D/Butterfly3D/FBX/Butterfly@Underground.FBX","ActorList":[{"$oid":"62beee2fad497783c7bbea71"}]}
{"_id":{"$oid":"62befdb9df52e4bdae055789"},"Name":"Bumble@Fly caimi","Type":"1","Url":"Resources/Animation/3D/Bumble3D/FBX/Bumble@Fly caimi.FBX","ActorList":[{"$oid":"62beed3cad497783c7bbea70"}]}
{"_id":{"$oid":"62c4277977001c4b41994d19"},"Name":"cuteAnimal_Squirrel_Eat","Type":"1","Url":"Resources/Animation/cuteAnimal/Squirrel/cuteAnimal_Squirrel_Eat.fbx","ActorList":[{"$oid":"62c423f177001c4b41994d0c"}]}
{"_id":{"$oid":"62c4282677001c4b41994d1a"},"Name":"cuteAnimal_Squirrel_Jump","Type":"1","Url":"Resources/Animation/cuteAnimal/Squirrel/cuteAnimal_Squirrel_Jump.fbx","ActorList":[{"$oid":"62c423f177001c4b41994d0c"}]}
{"_id":{"$oid":"62c4284277001c4b41994d1c"},"Name":"cuteAnimal_Squirrel_Move","Type":"1","Url":"Resources/Animation/cuteAnimal/Squirrel/cuteAnimal_Squirrel_Walk.fbx","ActorList":[{"$oid":"62c423f177001c4b41994d0c"}]}
{"_id":{"$oid":"62c428a277001c4b41994d1e"},"Name":"cuteAnimal_Squirrel_Rest","Type":"1","Url":"Resources/Animation/cuteAnimal/Squirrel/cuteAnimal_Squirrel_Rest.fbx","ActorList":[{"$oid":"62c423f177001c4b41994d0c"}]}
{"_id":{"$oid":"62c428be77001c4b41994d1f"},"Name":"cuteAnimal_Squirrel_Run","Type":"1","Url":"Resources/Animation/cuteAnimal/Squirrel/cuteAnimal_Squirrel_Run.fbx","ActorList":[{"$oid":"62c423f177001c4b41994d0c"}]}
{"_id":{"$oid":"62c428dd77001c4b41994d20"},"Name":"cuteAnimal_Squirrel_speak","Type":"1","Url":"Resources/Animation/cuteAnimal/Squirrel/cuteAnimal_Squirrel_speak.fbx","ActorList":[{"$oid":"62c423f177001c4b41994d0c"}]}
{"_id":{"$oid":"62c42abe77001c4b41994d35"},"Name":"cuteAnimal_TypeB_Eat","Type":"1","Url":"Resources/Animation/cuteAnimal/TypeB/cuteAnimal_TypeB_Eat.fbx","ActorList":[{"$oid":"62c425fa77001c4b41994d11"},{"$oid":"62c4244a77001c4b41994d0e"},{"$oid":"62caa672c66605ce56f62653"}]}
{"_id":{"$oid":"62c42bd777001c4b41994d36"},"Name":"cuteAnimal_TypeB_Jump","Type":"1","Url":"Resources/Animation/cuteAnimal/TypeB/cuteAnimal_TypeB_Jump.fbx","ActorList":[{"$oid":"62c425fa77001c4b41994d11"},{"$oid":"62c4244a77001c4b41994d0e"},{"$oid":"62caa672c66605ce56f62653"}]}
{"_id":{"$oid":"62c42bec77001c4b41994d37"},"Name":"cuteAnimal_TypeB_Rest","Type":"1","Url":"Resources/Animation/cuteAnimal/TypeB/cuteAnimal_TypeB_Rest.fbx","ActorList":[{"$oid":"62c425fa77001c4b41994d11"},{"$oid":"62c4244a77001c4b41994d0e"},{"$oid":"62caa672c66605ce56f62653"}]}
{"_id":{"$oid":"62c42c0377001c4b41994d38"},"Name":"cuteAnimal_TypeB_Run","Type":"1","Url":"Resources/Animation/cuteAnimal/TypeB/cuteAnimal_TypeB_Run.fbx","ActorList":[{"$oid":"62c425fa77001c4b41994d11"},{"$oid":"62c4244a77001c4b41994d0e"},{"$oid":"62caa672c66605ce56f62653"}]}
{"_id":{"$oid":"62c42c2277001c4b41994d39"},"Name":"cuteAnimal_TypeB_Speak","Type":"1","Url":"Resources/Animation/cuteAnimal/TypeB/cuteAnimal_TypeB_Speak.fbx","ActorList":[{"$oid":"62c425fa77001c4b41994d11"},{"$oid":"62c4244a77001c4b41994d0e"},{"$oid":"62caa672c66605ce56f62653"}]}
{"_id":{"$oid":"62c42c3477001c4b41994d3a"},"Name":"cuteAnimal_TypeB_Walk","Type":"1","Url":"Resources/Animation/cuteAnimal/TypeB/cuteAnimal_TypeB_Walk.fbx","ActorList":[{"$oid":"62c425fa77001c4b41994d11"},{"$oid":"62c4244a77001c4b41994d0e"}]}
{"_id":{"$oid":"62c4328677001c4b41994d3f"},"Name":"cuteAnimal_Monkey_Eat","Type":"1","Url":"Resources/Animation/cuteAnimal/Monkey/cuteAnimal_Monkey_Eat.fbx","ActorList":[{"$oid":"62c4264177001c4b41994d13"}]}
{"_id":{"$oid":"62c432d677001c4b41994d40"},"Name":"cuteAnimal_Monkey_Jump","Type":"1","Url":"Resources/Animation/cuteAnimal/Monkey/cuteAnimal_Monkey_Jump.fbx","ActorList":[{"$oid":"62c4264177001c4b41994d13"}]}
{"_id":{"$oid":"62c432fe77001c4b41994d41"},"Name":"cuteAnimal_Monkey_Rest","Type":"1","Url":"Resources/Animation/cuteAnimal/Monkey/cuteAnimal_Monkey_Rest.fbx","ActorList":[{"$oid":"62c4264177001c4b41994d13"}]}
{"_id":{"$oid":"62c4331877001c4b41994d42"},"Name":"cuteAnimal_Monkey_Run","Type":"1","Url":"Resources/Animation/cuteAnimal/Monkey/cuteAnimal_Monkey_Run.fbx","ActorList":[{"$oid":"62c4264177001c4b41994d13"}]}
{"_id":{"$oid":"62c4332977001c4b41994d43"},"Name":"cuteAnimal_Monkey_Speak","Type":"1","Url":"Resources/Animation/cuteAnimal/Monkey/cuteAnimal_Monkey_Speak.fbx","ActorList":[{"$oid":"62c4264177001c4b41994d13"}]}
{"_id":{"$oid":"62c4333d77001c4b41994d44"},"Name":"cuteAnimal_Monkey_Walk","Type":"1","Url":"Resources/Animation/cuteAnimal/Monkey/cuteAnimal_Monkey_Walk.fbx","ActorList":[{"$oid":"62c4264177001c4b41994d13"}]}
{"_id":{"$oid":"62c4349077001c4b41994d49"},"Name":"cuteAnimal_Turtle_Eat","Type":"1","Url":"Resources/Animation/cuteAnimal/Turtle/cuteAnimal_Turtle_Eat.fbx","ActorList":[{"$oid":"62c4268477001c4b41994d14"}]}
{"_id":{"$oid":"62c434be77001c4b41994d4a"},"Name":"cuteAnimal_Turtle_Jump","Type":"1","Url":"Resources/Animation/cuteAnimal/Turtle/cuteAnimal_Turtle_Jump.fbx","ActorList":[{"$oid":"62c4268477001c4b41994d14"}]}
{"_id":{"$oid":"62c434d477001c4b41994d4b"},"Name":"cuteAnimal_Turtle_Rest","Type":"1","Url":"Resources/Animation/cuteAnimal/Turtle/cuteAnimal_Turtle_Rest.fbx","ActorList":[{"$oid":"62c4268477001c4b41994d14"}]}
{"_id":{"$oid":"62c434ed77001c4b41994d4c"},"Name":"cuteAnimal_Turtle_Speak","Type":"1","Url":"Resources/Animation/cuteAnimal/Turtle/cuteAnimal_Turtle_Speak.fbx","ActorList":[{"$oid":"62c4268477001c4b41994d14"}]}
{"_id":{"$oid":"62c434ff77001c4b41994d4d"},"Name":"cuteAnimal_Turtle_Swim","Type":"1","Url":"Resources/Animation/cuteAnimal/Turtle/cuteAnimal_Turtle_Swim.fbx","ActorList":[{"$oid":"62c4268477001c4b41994d14"}]}
{"_id":{"$oid":"62c4350e77001c4b41994d4e"},"Name":"cuteAnimal_Turtle_Walk","Type":"1","Url":"Resources/Animation/cuteAnimal/Turtle/cuteAnimal_Turtle_Walk.fbx","ActorList":[{"$oid":"62c4268477001c4b41994d14"}]}
{"_id":{"$oid":"62d7a94ae8d83512402d648f"},"Name":"cuteAnimal_Flamingo_Eat","Type":"1","Url":"Resources/Animation/cuteAnimal/Flamingo/cuteAnimal_Flamingo_Eat.fbx","ActorList":[{"$oid":"62d7a79de8d83512402d648a"}]}
{"_id":{"$oid":"62d7b16ee8d83512402d6494"},"Name":"cuteAnimal_Flamingo_Jump","Type":"1","Url":"Resources/Animation/cuteAnimal/Flamingo/cuteAnimal_Flamingo_Jump.fbx","ActorList":[{"$oid":"62d7a79de8d83512402d648a"}]}
{"_id":{"$oid":"62d7b190e8d83512402d6495"},"Name":"cuteAnimal_Flamingo_Rest","Type":"1","Url":"Resources/Animation/cuteAnimal/Flamingo/cuteAnimal_Flamingo_Rest.fbx","ActorList":[{"$oid":"62d7a79de8d83512402d648a"}]}
{"_id":{"$oid":"62d7b1a3e8d83512402d6496"},"Name":"cuteAnimal_Flamingo_Walk","Type":"1","Url":"Resources/Animation/cuteAnimal/Flamingo/cuteAnimal_Flamingo_Walk.fbx","ActorList":[{"$oid":"62d7a79de8d83512402d648a"}]}
{"_id":{"$oid":"62d7b229e8d83512402d6497"},"Name":"cuteAnimal_Peacock_Eat","Type":"1","Url":"Resources/Animation/cuteAnimal/Peacock/cuteAnimal_Peacock_Eat.fbx","ActorList":[{"$oid":"62d7a7e7e8d83512402d648b"}]}
{"_id":{"$oid":"62d7b373e8d83512402d64a2"},"Name":"cuteAnimal_Peacock_Jump","Type":"1","Url":"Resources/Animation/cuteAnimal/Peacock/cuteAnimal_Peacock_Jump.fbx","ActorList":[{"$oid":"62d7a7e7e8d83512402d648b"}]}
{"_id":{"$oid":"62d7b388e8d83512402d64a3"},"Name":"cuteAnimal_Peacock_Rest","Type":"1","Url":"Resources/Animation/cuteAnimal/Peacock/cuteAnimal_Peacock_Rest.fbx","ActorList":[{"$oid":"62d7a7e7e8d83512402d648b"}]}
{"_id":{"$oid":"62d7b39ae8d83512402d64a4"},"Name":"cuteAnimal_Peacock_Walk","Type":"1","Url":"Resources/Animation/cuteAnimal/Peacock/cuteAnimal_Peacock_Walk.fbx","ActorList":[{"$oid":"62d7a7e7e8d83512402d648b"}]}
{"_id":{"$oid":"62d7b4f0e8d83512402d64a5"},"Name":"Eagle_Stunned","Type":"1","Url":"Resources/Animation/3D/Eagle3D/Eagle_Stunned.FBX","ActorList":[{"$oid":"62d7a84ce8d83512402d648c"}]}
{"_id":{"$oid":"62d7ba64e8d83512402d64a6"},"Name":"Eagle_Speak","Type":"1","Url":"Resources/Animation/3D/Eagle3D/Eagle_Speak.FBX","ActorList":[{"$oid":"62d7a84ce8d83512402d648c"}]}
{"_id":{"$oid":"62d7ba7be8d83512402d64a7"},"Name":"Eagle_Walk","Type":"1","Url":"Resources/Animation/3D/Eagle3D/Eagle_Walk.FBX","ActorList":[{"$oid":"62d7a84ce8d83512402d648c"}]}
{"_id":{"$oid":"62d7ba8be8d83512402d64a8"},"Name":"Eagle_Jump","Type":"1","Url":"Resources/Animation/3D/Eagle3D/Eagle_Jump.FBX","ActorList":[{"$oid":"62d7a84ce8d83512402d648c"}]}
{"_id":{"$oid":"62dbb3a28e1201dbf79a8a66"},"Name":"Swallow_Speak","Type":"1","Url":"Resources/Animation/3D/Swallow3D/Swallow_Speak.anim","ActorList":[{"$oid":"62dbb3558e1201dbf79a8a65"}]}
{"_id":{"$oid":"62dbb3fd8e1201dbf79a8a67"},"Name":"Swallow_Fly","Type":"1","Url":"Resources/Animation/3D/Swallow3D/Swallow_Fly.anim","ActorList":[{"$oid":"62dbb3558e1201dbf79a8a65"}]}
{"_id":{"$oid":"62dbb40d8e1201dbf79a8a68"},"Name":"Swallow_Eat","Type":"1","Url":"Resources/Animation/3D/Swallow3D/Swallow_Eat.anim","ActorList":[{"$oid":"62dbb3558e1201dbf79a8a65"}]}
{"_id":{"$oid":"62dbb41a8e1201dbf79a8a69"},"Name":"Swallow_Walk","Type":"1","Url":"Resources/Animation/3D/Swallow3D/Swallow_Walk.anim","ActorList":[{"$oid":"62dbb3558e1201dbf79a8a65"}]}
{"_id":{"$oid":"62dbd3f28e1201dbf79a8a6c"},"Name":"Penguin_Walk","Type":"1","Url":"Resources/Animation/3D/Penguin3D/Penguin_Walk.anim","ActorList":[{"$oid":"62dbd3308e1201dbf79a8a6a"}]}
{"_id":{"$oid":"62dbd4298e1201dbf79a8a6d"},"Name":"Penguin_Fly","Type":"1","Url":"Resources/Animation/3D/Penguin3D/Penguin_Fly.anim","ActorList":[{"$oid":"62dbd3308e1201dbf79a8a6a"}]}
{"_id":{"$oid":"62dbd4478e1201dbf79a8a6e"},"Name":"Penguin_Spin","Type":"1","Url":"Resources/Animation/3D/Penguin3D/Penguin_Spin.anim","ActorList":[{"$oid":"62dbd3308e1201dbf79a8a6a"}]}
{"_id":{"$oid":"62dbd49e8e1201dbf79a8a6f"},"Name":"Penguin_Jump","Type":"1","Url":"Resources/Animation/3D/Penguin3D/Penguin_Jump.anim","ActorList":[{"$oid":"62dbd3308e1201dbf79a8a6a"}]}
{"_id":{"$oid":"62dbd4ae8e1201dbf79a8a70"},"Name":"Penguin_Eat","Type":"1","Url":"Resources/Animation/3D/Penguin3D/Penguin_Eat.anim","ActorList":[{"$oid":"62dbd3308e1201dbf79a8a6a"}]}
{"_id":{"$oid":"62dbd4bd8e1201dbf79a8a71"},"Name":"Penguin_Speak","Type":"1","Url":"Resources/Animation/3D/Penguin3D/Penguin_Speak.anim","ActorList":[{"$oid":"62dbd3308e1201dbf79a8a6a"}]}
{"_id":{"$oid":"62dc433e7510398676fcc68a"},"Name":"Parrot_Walk","Type":"1","Url":"Resources/Animation/3D/Parrot3D/Parrot_Walk.anim","ActorList":[{"$oid":"62dc42677510398676fcc689"}]}
{"_id":{"$oid":"62dc43a47510398676fcc68b"},"Name":"Parrot_Fly","Type":"1","Url":"Resources/Animation/3D/Parrot3D/Parrot_Fly.anim","ActorList":[{"$oid":"62dc42677510398676fcc689"}]}
{"_id":{"$oid":"62dc43c07510398676fcc68c"},"Name":"Parrot_Spin","Type":"1","Url":"Resources/Animation/3D/Parrot3D/Parrot_Spin.anim","ActorList":[{"$oid":"62dc42677510398676fcc689"}]}
{"_id":{"$oid":"62dc43d37510398676fcc68d"},"Name":"Parrot_Jump","Type":"1","Url":"Resources/Animation/3D/Parrot3D/Parrot_Jump.anim","ActorList":[{"$oid":"62dc42677510398676fcc689"}]}
{"_id":{"$oid":"62dc43e27510398676fcc68e"},"Name":"Parrot_Eat","Type":"1","Url":"Resources/Animation/3D/Parrot3D/Parrot_Eat.anim","ActorList":[{"$oid":"62dc42677510398676fcc689"}]}
{"_id":{"$oid":"62dc43f47510398676fcc68f"},"Name":"Parrot_Speak","Type":"1","Url":"Resources/Animation/3D/Parrot3D/Parrot_Speak.anim","ActorList":[{"$oid":"62dc42677510398676fcc689"}]}
{"_id":{"$oid":"62dc4a607510398676fcc694"},"Name":"Arowana_Walk","Type":"1","Url":"Resources/Animation/3D/Arowana3D/Arowana_Walk.anim","ActorList":[{"$oid":"62dc48a77510398676fcc693"}]}
{"_id":{"$oid":"62dc4bea7510398676fcc696"},"Name":"Arowana_Swim","Type":"1","Url":"Resources/Animation/3D/Arowana3D/Arowana_Swim.anim","ActorList":[{"$oid":"62dc48a77510398676fcc693"}]}
{"_id":{"$oid":"62dc4c037510398676fcc697"},"Name":"Arowana_Splash","Type":"1","Url":"Resources/Animation/3D/Arowana3D/Arowana_Splash.anim","ActorList":[{"$oid":"62dc48a77510398676fcc693"}]}
{"_id":{"$oid":"62dc4c1f7510398676fcc698"},"Name":"Arowana_Jump","Type":"1","Url":"Resources/Animation/3D/Arowana3D/Arowana_Jump.anim","ActorList":[{"$oid":"62dc48a77510398676fcc693"}]}
{"_id":{"$oid":"62dc4c307510398676fcc699"},"Name":"Arowana_Eat","Type":"1","Url":"Resources/Animation/3D/Arowana3D/Arowana_Eat.anim","ActorList":[{"$oid":"62dc48a77510398676fcc693"}]}
{"_id":{"$oid":"62dc4c3e7510398676fcc69a"},"Name":"Arowana_Speak","Type":"1","Url":"Resources/Animation/3D/Arowana3D/Arowana_Speak.anim","ActorList":[{"$oid":"62dc48a77510398676fcc693"}]}
{"_id":{"$oid":"62dc54957510398676fcc69e"},"Name":"Goose_Walk","Type":"1","Url":"Resources/Animation/3D/Goose3D/Goose_Walk.anim","ActorList":[{"$oid":"62dc543d7510398676fcc69d"}]}
{"_id":{"$oid":"62dc54dd7510398676fcc69f"},"Name":"Goose_Fly","Type":"1","Url":"Resources/Animation/3D/Goose3D/Goose_Fly.anim","ActorList":[{"$oid":"62dc543d7510398676fcc69d"}]}
{"_id":{"$oid":"62dc54ee7510398676fcc6a0"},"Name":"Goose_Spin","Type":"1","Url":"Resources/Animation/3D/Goose3D/Goose_Spin.anim","ActorList":[{"$oid":"62dc543d7510398676fcc69d"}]}
{"_id":{"$oid":"62dc55047510398676fcc6a1"},"Name":"Goose_Jump","Type":"1","Url":"Resources/Animation/3D/Goose3D/Goose_Jump.anim","ActorList":[{"$oid":"62dc543d7510398676fcc69d"}]}
{"_id":{"$oid":"62dc55157510398676fcc6a2"},"Name":"Goose_Eat","Type":"1","Url":"Resources/Animation/3D/Goose3D/Goose_Eat.anim","ActorList":[{"$oid":"62dc543d7510398676fcc69d"}]}
{"_id":{"$oid":"62dc55287510398676fcc6a3"},"Name":"Goose_Speak","Type":"1","Url":"Resources/Animation/3D/Goose3D/Goose_Speak.anim","ActorList":[{"$oid":"62dc543d7510398676fcc69d"}]}
{"_id":{"$oid":"62f64c7d13cb90b5c3b449ea"},"Name":"cuteAnimal_Flamingo_Speak","Type":"1","Url":"Resources/Animation/cuteAnimal/Flamingo/cuteAnimal_Flamingo_Speak.fbx","ActorList":[{"$oid":"62d7a79de8d83512402d648a"}]}
{"_id":{"$oid":"62f64dd813cb90b5c3b449f3"},"Name":"cuteAnimal_Flamingo_Speak","Type":"1","Url":"Resources/Animation/cuteAnimal/Flamingo/cuteAnimal_Flamingo_Speak.fbx","ActorList":[{"$oid":"62d7a79de8d83512402d648a"}]}
{"_id":{"$oid":"6349024355eda3483181435e"},"Name":"MedicineBottle_full","Type":"1","Url":"Resources/Animation/2D/MedicineBottle/MedicineBottle_full.anim","ActorList":[{"$oid":"6348cbc155eda34831814352"}]}
{"_id":{"$oid":"634903ea55eda34831814361"},"Name":"MedicineBottle_empty","Type":"1","Url":"Resources/Animation/2D/MedicineBottle/MedicineBottle_empty.anim","ActorList":[{"$oid":"6348cbc155eda34831814352"}]}
{"_id":{"$oid":"634a22f550a8a5dec96b8361"},"Name":"MagicBroom_fly","Type":"1","Url":"Resources/Animation/2D/MagicBroom/MagicBroom_fly.anim","ActorList":[{"$oid":"634a230b50a8a5dec96b8362"}]}
{"_id":{"$oid":"634e69bc719d43c2c594df37"},"Name":"MagicBroom_default","Type":"1","Url":"Resources/Animation/2D/MagicBroom/MagicBroom_default.anim","ActorList":[{"$oid":"634a230b50a8a5dec96b8362"}]}
