{"_id":{"$oid":"62b86f8b2be1132a62f97315"},"Name":"Alpaca baby","KeyName":"小羊驼","Type":"Animal","ID":23,"Url":"Resources/Character/2D/Alpaca baby/Preview/Alpaca baby.png"}
{"_id":{"$oid":"62b9b90ef97f076828319140"},"Name":"Alpaca","KeyName":"羊驼妈妈","Type":"Animal","ID":24,"Url":"Resources/Character/2D/Alpaca/Preview/Alpaca.png"}
{"_id":{"$oid":"62b9b99cf97f076828319142"},"Name":"db_grandpa","KeyName":"爷爷","Type":"Character","ID":5,"Url":"Resources/Character/2D/db_grandpa/Preview/db_grandpa.png"}
{"_id":{"$oid":"62b9b9c9f97f076828319143"},"Name":"dog","KeyName":"小狗","Type":"Animal","ID":7,"Url":"Resources/Character/3D/cuteDog3D/Preview/Dog.png"}
{"_id":{"$oid":"62b9b9f0f97f076828319144"},"Name":"cuteTiger3D","KeyName":"大老虎","Type":"Animal","ID":39,"Url":"Resources/Character/3D/cuteTiger3D/Preview/Tiger.png"}
{"_id":{"$oid":"62b9bad7f97f076828319145"},"Name":"db_boy","KeyName":"小强","Type":"Character","ID":1,"Url":"Resources/Character/2D/db_boy/Preview/db_boy.png"}
{"_id":{"$oid":"62b9bb5ff97f076828319146"},"Name":"rabbit","KeyName":"小兔子","Type":"Animal","ID":20,"Url":"Resources/Character/2D/rabbit/Preview/rabbit.png"}
{"_id":{"$oid":"62b9bbacf97f076828319147"},"Name":"Bull baby","KeyName":"小牛","Type":"Animal","ID":29,"Url":"Resources/Character/2D/Bull baby/Preview/Bull baby.png"}
{"_id":{"$oid":"62b9bc2cf97f076828319148"},"Name":"Bull","KeyName":"牛爸爸","Type":"Animal","ID":30,"Url":"Resources/Character/2D/Bull/Preview/Bull.png"}
{"_id":{"$oid":"62b9bce4f97f07682831914a"},"Name":"Cow baby","KeyName":"小奶牛","Type":"Animal","ID":31,"Url":"Resources/Character/2D/Cow baby/Preview/Cow baby.png"}
{"_id":{"$oid":"62b9bd30f97f07682831914c"},"Name":"Cow","KeyName":"奶牛妈妈","Type":"Animal","ID":32,"Url":"Resources/Character/2D/Cow/Preview/Cow.png"}
{"_id":{"$oid":"62b9bdd0f97f07682831914d"},"Name":"Chicken baby","KeyName":"小鸡","Type":"Animal","ID":9,"Url":"Resources/Character/2D/Chicken baby/Preview/Chicken baby.png"}
{"_id":{"$oid":"62b9bdeff97f07682831914e"},"Name":"ChickenA","KeyName":"大公鸡","Type":"Animal","ID":10,"Url":"Resources/Character/2D/ChickenA/Preview/ChickenA.png"}
{"_id":{"$oid":"62b9be45f97f07682831914f"},"Name":"ChickenB","KeyName":"鸡妈妈","Type":"Animal","ID":11,"Url":"Resources/Character/2D/ChickenB/Preview/ChickenB.png"}
{"_id":{"$oid":"62b9be5ef97f076828319150"},"Name":"Duck baby","KeyName":"小鸭子","Type":"Animal","ID":12,"Url":"Resources/Character/2D/Duck baby/Preview/Duck baby.png"}
{"_id":{"$oid":"62b9be87f97f076828319151"},"Name":"DuckA","KeyName":"小黄鸭","Type":"Animal","ID":13,"Url":"Resources/Character/2D/DuckA/Preview/DuckA.png"}
{"_id":{"$oid":"62b9bebff97f076828319152"},"Name":"DuckB","KeyName":"小野鸭","Type":"Animal","ID":14,"Url":"Resources/Character/2D/DuckB/Preview/DuckB.png"}
{"_id":{"$oid":"62b9bf18f97f076828319154"},"Name":"Goat","KeyName":"羊爸爸","Type":"Animal","ID":28,"Url":"Resources/Character/2D/Goat/Preview/Goat.png"}
{"_id":{"$oid":"62b9bf42f97f076828319155"},"Name":"Pig babyA","KeyName":"小猪","Type":"Animal","ID":33,"Url":"Resources/Character/2D/Pig babyA/Preview/Pig babyA.png"}
{"_id":{"$oid":"62b9bf78f97f076828319156"},"Name":"PigA","KeyName":"猪妈妈","Type":"Animal","ID":34,"Url":"Resources/Character/2D/PigA/Preview/PigA.png"}
{"_id":{"$oid":"62b9bfcaf97f076828319158"},"Name":"PigB","KeyName":"猪爸爸","Type":"Animal","ID":36,"Url":"Resources/Character/2D/PigB/Preview/PigB.png"}
{"_id":{"$oid":"62b9c071f97f07682831915b"},"Name":"PigC","KeyName":"猪伯伯","Type":"Animal","ID":38,"Url":"Resources/Character/2D/PigC/Preview/PigC.png"}
{"_id":{"$oid":"62b9c0f4f97f07682831915e"},"Name":"Sheep baby","KeyName":"小羊","Type":"Animal","ID":27,"Url":"Resources/Character/2D/Sheep baby/Preview/Sheep baby.png"}
{"_id":{"$oid":"62b9c124f97f07682831915f"},"Name":"Sheep","KeyName":"羊妈妈","Type":"Animal","ID":28,"Url":"Resources/Character/2D/Sheep/Preview/Sheep.png"}
{"_id":{"$oid":"62baf19e0b794090d8ae2a0e"},"Name":"forest","KeyName":"森林","Type":"Background","ID":1,"Url":"Resources/Environment/2D/forest.jpg"}
{"_id":{"$oid":"62baf2120b794090d8ae2a10"},"Name":"pond","KeyName":"池塘","Type":"Background","ID":3,"Url":"Resources/Environment/2D/pond.jpg"}
{"_id":{"$oid":"62baf24d0b794090d8ae2a11"},"Name":"forestHouse","KeyName":"屋外","Type":"Background","ID":5,"Url":"Resources/Environment/2D/forestHouse.jpg"}
{"_id":{"$oid":"62baf2890b794090d8ae2a12"},"Name":"inHouse","KeyName":"小木屋里","Type":"Background","ID":6,"Url":"Resources/Environment/2D/inHouse.jpg"}
{"_id":{"$oid":"62bddeb7ac593b66103b9424"},"Name":"Bumble","KeyName":"小蜜蜂","Type":"Animal","ID":6,"Url":"Resources/Character/3D/Bumble3D/Preview/bumble.png"}
{"_id":{"$oid":"62bddf0cac593b66103b9425"},"Name":"Butterfly","KeyName":"小蝴蝶","Type":"Animal","ID":6,"Url":"Resources/Character/3D/Butterfly3D/Preview/butterfly.png"}
{"_id":{"$oid":"62c3ec628ca557d7da87e233"},"Name":"cuteBear3D","KeyName":"小熊","Type":"Animal","ID":43,"Url":"Resources/Character/3D/cuteBear3D/Preview/cuteBear3D.png"}
{"_id":{"$oid":"62c4364077001c4b41994d55"},"Name":"cuteChipmunk3D","KeyName":"小松鼠","Type":"Animal","ID":19,"Url":"Resources/Character/3D/cuteChipmunk3D/Preview/cuteChipmunk3D.png"}
{"_id":{"$oid":"62c4368877001c4b41994d56"},"Name":"cuteDeer3D","KeyName":"小鹿","Type":"Animal","ID":41,"Url":"Resources/Character/3D/cuteDeer3D/Preview/cuteDeer3D.png"}
{"_id":{"$oid":"62c436af77001c4b41994d57"},"Name":"cuteElephant3D","KeyName":"大象","Type":"Animal","ID":44,"Url":"Resources/Character/3D/cuteElephant3D/Preview/cuteElephant3D.png"}
{"_id":{"$oid":"62c436db77001c4b41994d58"},"Name":"cuteFox3D","KeyName":"小狐狸","Type":"Animal","ID":21,"Url":"Resources/Character/3D/cuteFox3D/Preview/cuteFox3D.png"}
{"_id":{"$oid":"62c436fc77001c4b41994d59"},"Name":"cuteHorse3D","KeyName":"小马","Type":"Animal","ID":42,"Url":"Resources/Character/3D/cuteHorse3D/Preview/cuteHorse3D.png"}
{"_id":{"$oid":"62c4372277001c4b41994d5a"},"Name":"cuteLion3D","KeyName":"小狮子","Type":"Animal","ID":40,"Url":"Resources/Character/3D/cuteLion3D/Preview/cuteLion3D.png"}
{"_id":{"$oid":"62c4374e77001c4b41994d5b"},"Name":"cuteMonkey3D","KeyName":"小猴子","Type":"Animal","ID":32,"Url":"Resources/Character/3D/cuteMonkey3D/Preview/cuteMonkey3D.png"}
{"_id":{"$oid":"62c4376d77001c4b41994d5c"},"Name":"cuteTurtle3D","KeyName":"小乌龟","Type":"Animal","ID":15,"Url":"Resources/Character/3D/cuteTurtle3D/Preview/cuteTurtle3D.png"}
{"_id":{"$oid":"62ca3dfe663c1040edfbd019"},"Name":"riverBank","KeyName":"河边","Type":"Background","ID":2,"Url":"Resources/Environment/2D/riverBank.png"}
{"_id":{"$oid":"62d7a405e8d83512402d647b"},"Name":"cuteFlamingo3D","KeyName":"火烈鸟","Type":"Animal","ID":16,"Url":"Resources/Character/3D/cuteFlamingo3D/Preview/cuteFlamingo3D.png"}
{"_id":{"$oid":"62d7a43fe8d83512402d647c"},"Name":"cutePeacock3D","KeyName":"小孔雀","Type":"Animal","ID":17,"Url":"Resources/Character/3D/cutePeacock3D/Preview/cutePeacock3D.png"}
{"_id":{"$oid":"62d7a483e8d83512402d647d"},"Name":"Eagle3D","KeyName":"老鹰","Type":"Animal","ID":8,"Url":"Resources/Character/3D/Eagle3D/Preview/Eagle3D.png"}
{"_id":{"$oid":"62dbb2c18e1201dbf79a8a64"},"Name":"Swallow3D","KeyName":"小燕子","Type":"Animal","ID":8,"Url":"Resources/Character/3D/Swallow3D/Preview/Swallow3D.png"}
{"_id":{"$oid":"62dbd5898e1201dbf79a8a72"},"Name":"Penguin3D","KeyName":"小企鹅","Type":"Animal","ID":8,"Url":"Resources/Character/3D/Penguin3D/Preview/Penguin3D.png"}
{"_id":{"$oid":"62dc44357510398676fcc692"},"Name":"Parrot3D","KeyName":"小鹦鹉","Type":"Animal","ID":8,"Url":"Resources/Character/3D/Parrot3D/Preview/Parrot3D.png"}
{"_id":{"$oid":"62dc4cc37510398676fcc69b"},"Name":"Arowana3D","KeyName":"小鱼","Type":"Animal","ID":8,"Url":"Resources/Character/3D/Arowana3D/Preview/Arowana3D.png"}
{"_id":{"$oid":"62dc539e7510398676fcc69c"},"Name":"Goose3D","KeyName":"大白鹅","Type":"Animal","ID":8,"Url":"Resources/Character/3D/Goose3D/Preview/Goose3D.png"}
{"_id":{"$oid":"62dfe72fb460a3568f6817de"},"Name":"garden","KeyName":"花园","Type":"Background","ID":4,"Url":"Resources/Environment/2D/garden.png"}
{"_id":{"$oid":"62e739e737523caa4d911c00"},"Name":"Apple","KeyName":"苹果","Type":"Object","ID":2,"Url":"Resources/Object/2D/Apple/Model/Apple.png"}
{"_id":{"$oid":"62e73a9a37523caa4d911c01"},"Name":"Banana","KeyName":"香蕉","Type":"Object","ID":2,"Url":"Resources/Object/2D/Banana/Model/Banana.png"}
{"_id":{"$oid":"62e73ac737523caa4d911c02"},"Name":"Cake","KeyName":"蛋糕","Type":"Object","ID":1,"Url":"Resources/Object/2D/Cake/Model/Cake.png"}
{"_id":{"$oid":"62e73b9537523caa4d911c03"},"Name":"Carrot","KeyName":"胡萝卜","Type":"Object","ID":3,"Url":"Resources/Object/2D/Carrot/Model/Carrot.png"}
{"_id":{"$oid":"62e73bea37523caa4d911c05"},"Name":"Cherry","KeyName":"樱桃","Type":"Object","ID":2,"Url":"Resources/Object/2D/Cherry/Model/Cherry.png"}
{"_id":{"$oid":"62e73c4a37523caa4d911c06"},"Name":"Corn","KeyName":"玉米","Type":"Object","ID":3,"Url":"Resources/Object/2D/Corn/Model/Corn.png"}
{"_id":{"$oid":"62e73c6c37523caa4d911c07"},"Name":"Cucumber","KeyName":"黄瓜","Type":"Object","ID":3,"Url":"Resources/Object/2D/Cucumber/Model/Cucumber.png"}
{"_id":{"$oid":"62e73cc037523caa4d911c08"},"Name":"Eggplant","KeyName":"茄子","Type":"Object","ID":3,"Url":"Resources/Object/2D/Eggplant/Model/Eggplant.png"}
{"_id":{"$oid":"62e73cfa37523caa4d911c09"},"Name":"Flower","KeyName":"一朵花","Type":"Object","ID":1,"Url":"Resources/Object/2D/Flower/Model/Flower.png"}
{"_id":{"$oid":"62e73d7b37523caa4d911c0a"},"Name":"Grapes","KeyName":"葡萄","Type":"Object","ID":2,"Url":"Resources/Object/2D/Grapes/Model/grapes .png"}
{"_id":{"$oid":"62e73dc937523caa4d911c0b"},"Name":"Lemon","KeyName":"柠檬","Type":"Object","ID":2,"Url":"Resources/Object/2D/Lemon/Model/lemon.png"}
{"_id":{"$oid":"62e73df537523caa4d911c0c"},"Name":"Mango","KeyName":"芒果","Type":"Object","ID":2,"Url":"Resources/Object/2D/Mango/Model/mango.png"}
{"_id":{"$oid":"62e73e2937523caa4d911c0d"},"Name":"Onion","KeyName":"洋葱","Type":"Object","ID":3,"Url":"Resources/Object/2D/Onion/Model/onion.png"}
{"_id":{"$oid":"62e73f6737523caa4d911c0e"},"Name":"Orange","KeyName":"橙子","Type":"Object","ID":2,"Url":"Resources/Object/2D/Orange/Model/orange.png"}
{"_id":{"$oid":"62e73f9837523caa4d911c0f"},"Name":"Pear","KeyName":"梨","Type":"Object","ID":2,"Url":"Resources/Object/2D/Pear/Model/Pear.png"}
{"_id":{"$oid":"62e73fdf37523caa4d911c10"},"Name":"Pepper","KeyName":"辣椒","Type":"Object","ID":3,"Url":"Resources/Object/2D/Pepper/Model/Pepper.png"}
{"_id":{"$oid":"62e7400737523caa4d911c11"},"Name":"Pineapple","KeyName":"菠萝","Type":"Object","ID":2,"Url":"Resources/Object/2D/Pineapple/Model/pineapple.png"}
{"_id":{"$oid":"62e7407837523caa4d911c12"},"Name":"Pitahaya","KeyName":"火龙果","Type":"Object","ID":2,"Url":"Resources/Object/2D/Pitahaya/Model/pitahaya.png"}
{"_id":{"$oid":"62e740a137523caa4d911c13"},"Name":"Tangerine","KeyName":"橘子","Type":"Object","ID":2,"Url":"Resources/Object/2D/Tangerine/Model/tangerine.png"}
{"_id":{"$oid":"62e740e637523caa4d911c14"},"Name":"Tomato","KeyName":"西红柿","Type":"Object","ID":3,"Url":"Resources/Object/2D/Tomato/Model/tomato.png"}
{"_id":{"$oid":"62e7410d37523caa4d911c15"},"Name":"Watermelon","KeyName":"西瓜","Type":"Object","ID":2,"Url":"Resources/Object/2D/Watermelon/Model/watermelone _2.png"}
{"_id":{"$oid":"62f65b6713cb90b5c3b44a08"},"Name":"cuteCat3D","KeyName":"小猫","Type":"Animal","ID":7,"Url":"Resources/Character/3D/cuteCat3D/Preview/cuteCat3D.png"}
{"_id":{"$oid":"632a7de8cfa4b057f153d821"},"Name":"grassland","KeyName":"草地","Type":"Background","ID":7,"Url":"Resources/Environment/2D/grassland.jpg"}
{"_id":{"$oid":"633ba31a6a6dd46b296e4c7a"},"Name":"mountain","KeyName":"山坡","Type":"Background","ID":8,"Url":"Resources/Environment/2D/mountain.jpg"}
{"_id":{"$oid":"633f8f1ac4d14c49779531bd"},"Name":"birthdayGround","KeyName":"生日广场","Type":"Background","ID":9,"Url":"Resources/Environment/2D/birthdayGround.jpg"}
{"_id":{"$oid":"6342d2f4c273162c8c7e72dc"},"Name":"Flower_hand","KeyName":"一捧花","Type":"Object","ID":1,"Url":"Resources/Object/2D/Flower_hand/Model/FLower_hand.png"}
{"_id":{"$oid":"6345522237ae6b223a0e924b"},"Name":"cave","KeyName":"山洞","Type":"Background","ID":10,"Url":"Resources/Environment/2D/cave.jpg"}
{"_id":{"$oid":"634a29f850a8a5dec96b8366"},"Name":"magicHouse","KeyName":"魔法小屋","Type":"Background","ID":11,"Url":"Resources/Environment/2D/magicHouse.jpg"}
{"_id":{"$oid":"634a2a6850a8a5dec96b8367"},"Name":"MedicineBottle","KeyName":"魔法药水","Type":"Object","ID":0,"Url":"Resources/Object/2D/MedicineBottle/Model/bottle_c.png"}
{"_id":{"$oid":"634a2ac850a8a5dec96b8368"},"Name":"Pumpkin","KeyName":"南瓜","Type":"Object","ID":2,"Url":"Resources/Object/2D/Pumpkin/Model/Pumpkin.png"}
{"_id":{"$oid":"634a2b1b50a8a5dec96b8369"},"Name":"Vat","KeyName":"魔药","Type":"Object","ID":0,"Url":"Resources/EnvironmentProp/2D/Vat/Model/Vat.png"}
{"_id":{"$oid":"634a2c6c50a8a5dec96b836a"},"Name":"MagicBroom","KeyName":"魔法扫帚","Type":"Object","ID":0,"Url":"Resources/Character/2D/MagicBroom/Model/MagicBroom.png"}
{"_id":{"$oid":"634a2d2250a8a5dec96b836b"},"Name":"Preball","KeyName":"预言球","Type":"Object","ID":0,"Url":"Resources/Object/2D/Preball/Model/Preball.png"}
{"_id":{"$oid":"634a2d8b50a8a5dec96b836c"},"Name":"Balloon","KeyName":"气球","Type":"Object","ID":1,"Url":"Resources/EnvironmentProp/2D/Balloon/Model/Balloon_pink.png"}
{"_id":{"$oid":"6350fa36bc5a8e80034ec7ed"},"Name":"bridge","KeyName":"桥边","Type":"Background","ID":12,"Url":"Resources/Environment/2D/bridge.png"}
{"_id":{"$oid":"6351543cee9cd8961d4bd311"},"Name":"db_girl","KeyName":"小美","Type":"Character","ID":2,"Url":"Resources/Character/2D/db_girl/Preview/db_girl.png"}
{"_id":{"$oid":"6351545dee9cd8961d4bd312"},"Name":"db_father","KeyName":"爸爸","Type":"Character","ID":3,"Url":"Resources/Character/2D/db_father/Preview/db_father.png"}
{"_id":{"$oid":"63515482ee9cd8961d4bd313"},"Name":"db_mother","KeyName":"妈妈","Type":"Character","ID":4,"Url":"Resources/Character/2D/db_mother/Preview/db_mother.png"}
{"_id":{"$oid":"635154a7ee9cd8961d4bd314"},"Name":"db_grandma","KeyName":"奶奶","Type":"Character","ID":6,"Url":"Resources/Character/2D/db_grandma/Preview/db_grandma.png"}
{"_id":{"$oid":"635354eb4eb4e81920124906"},"Name":"stage","KeyName":"表演会场","Type":"Background","ID":13,"Url":"Resources/Environment/2D/stage.jpg"}
{"_id":{"$oid":"6354ad88c5e4fa84ff19cfe0"},"Name":"rink","KeyName":"滑冰场","Type":"Background","ID":14,"Url":"Resources/Environment/2D/rink.jpg"}
{"_id":{"$oid":"635c960eef968dd09fd7d2c5"},"Name":"db_rabbit","KeyName":"魔法兔子","Type":"Character","ID":7,"Url":"Resources/Character/2D/db_rabbit/Preview/db_rabbit.png"}
{"_id":{"$oid":"63636c1ce5d3836615675186"},"Name":"db_elf","KeyName":"小精灵","Type":"Character","ID":8,"Url":"Resources/Character/2D/db_elf/Preview/db_elf.jpg"}
