{"_id":{"$oid":"62d640a672e5e1b305cf871a"},"userName":"TestUser","createTime":"创建于2022年07月19日\n13时27分02秒\n时长：21 秒","previewUrl":"https://kisstherain.top/api/uploadedFiles/385941b0-4dce-411d-aa23-c27ea058a825_preview.mp4","videoUrl":"https://kisstherain.top/api/uploadedFiles/385941b0-4dce-411d-aa23-c27ea058a825.mp4"}
{"_id":{"$oid":"62d6695cddebc8a8b7cda98c"},"userName":"TestUser","createTime":"创建于2022年07月19日\n16时20分44秒\n时长：未知 秒\n时长： 秒","previewUrl":"https://kisstherain.top/api/uploadedFiles/3f45eafb-73f2-4f87-a55f-1ce5ffd61319_preview.mp4","videoUrl":"https://kisstherain.top/api/uploadedFiles/3f45eafb-73f2-4f87-a55f-1ce5ffd61319.mp4"}
{"_id":{"$oid":"62d66b95ddebc8a8b7cda98d"},"userName":"TestUser","createTime":"创建于2022年07月19日\n16时30分13秒\n时长： 秒","previewUrl":"https://kisstherain.top/api/uploadedFiles/296d04b0-8b48-4275-8e98-dd2bf2f0ba48_preview.mp4","videoUrl":"https://kisstherain.top/api/uploadedFiles/296d04b0-8b48-4275-8e98-dd2bf2f0ba48.mp4"}
{"_id":{"$oid":"62d66d25ddebc8a8b7cda98e"},"userName":"TestUser","createTime":"创建于2022年07月19日\n16时36分53秒\n时长： 秒","previewUrl":"https://kisstherain.top/api/uploadedFiles/a6981bd6-9b97-4a7b-9b36-1399dcd9eab9_preview.mp4","videoUrl":"https://kisstherain.top/api/uploadedFiles/a6981bd6-9b97-4a7b-9b36-1399dcd9eab9.mp4"}
{"_id":{"$oid":"62d66f01ddebc8a8b7cda98f"},"userName":"TestUser","createTime":"创建于2022年07月19日\n16时44分49秒\n时长： 秒","previewUrl":"https://kisstherain.top/api/uploadedFiles/3c7f2bbc-41cd-495a-8820-214e2e257772_preview.mp4","videoUrl":"https://kisstherain.top/api/uploadedFiles/3c7f2bbc-41cd-495a-8820-214e2e257772.mp4"}
{"_id":{"$oid":"62d90bb4fe67cdf8b2ed4330"},"userName":"TestUser","createTime":"创建于2022年07月21日\n16时17分56秒\n时长： 秒","previewUrl":"https://kisstherain.top/api/uploadedFiles/61bc549f-af79-46f6-bbe5-a25fd304e82c_preview.mp4","videoUrl":"https://kisstherain.top/api/uploadedFiles/61bc549f-af79-46f6-bbe5-a25fd304e82c.mp4"}
{"_id":{"$oid":"62d90dcbfe67cdf8b2ed4332"},"userName":"TestUser","createTime":"创建于2022年07月21日\n16时26分51秒\n时长：101 秒","previewUrl":"https://kisstherain.top/api/uploadedFiles/ec55885a-d1c6-47e3-b8e7-bb164509d96d_preview.mp4","videoUrl":"https://kisstherain.top/api/uploadedFiles/ec55885a-d1c6-47e3-b8e7-bb164509d96d.mp4"}
{"_id":{"$oid":"62d91de491486dc10eddba47"},"userName":"TestUser","createTime":"创建于2022年07月21日\n17时35分32秒\n时长：51 秒","previewUrl":"https://kisstherain.top/api/uploadedFiles/7658581c-abb3-439e-97ff-346ae117ffef_preview.mp4","videoUrl":"https://kisstherain.top/api/uploadedFiles/7658581c-abb3-439e-97ff-346ae117ffef.mp4"}
{"_id":{"$oid":"62dba229a5e2533e92a66429"},"userName":"TestUser","createTime":"创建于2022年07月23日\n15时24分25秒\n时长：8 秒","previewUrl":"https://kisstherain.top/api/uploadedFiles/383a3b73-b8a0-4cf9-b03d-3847cc1bcbe2_preview.mp4","videoUrl":"https://kisstherain.top/api/uploadedFiles/383a3b73-b8a0-4cf9-b03d-3847cc1bcbe2.mp4"}
{"_id":{"$oid":"62dd567b290f41d742ae4167"},"userName":"TestUser","createTime":"创建于2022年07月24日\n22时26分03秒\n时长：18 秒","previewUrl":"https://kisstherain.top/api/uploadedFiles/1ab8bc51-b4a4-4a99-a388-a66399717efd_preview.mp4","videoUrl":"https://kisstherain.top/api/uploadedFiles/1ab8bc51-b4a4-4a99-a388-a66399717efd.mp4"}
{"_id":{"$oid":"62dd56c6290f41d742ae4168"},"userName":"TestUser","createTime":"创建于2022年07月24日\n22时27分18秒\n时长：18 秒","previewUrl":"https://test1.deepsoft-tech.com:8443/api/uploadedFiles/1ab8bc51-b4a4-4a99-a388-a66399717efd_merged_preview.mp4","videoUrl":"https://test1.deepsoft-tech.com:8443/api/uploadedFiles/1ab8bc51-b4a4-4a99-a388-a66399717efd_merged.mp4"}
{"_id":{"$oid":"62dd76f3290f41d742ae4169"},"userName":"TestUser","createTime":"创建于2022年07月25日\n00时44分35秒\n时长： 秒","previewUrl":"https://kisstherain.top/api/uploadedFiles/bd186b2a-7966-4940-bed5-f90efa7e5f56_preview.mp4","videoUrl":"https://kisstherain.top/api/uploadedFiles/bd186b2a-7966-4940-bed5-f90efa7e5f56.mp4"}
{"_id":{"$oid":"62dd78eb290f41d742ae416a"},"userName":"TestUser","createTime":"创建于2022年07月25日\n00时52分59秒\n时长： 秒","previewUrl":"https://kisstherain.top/api/uploadedFiles/b3e970bf-6d57-4d31-8239-5920eb5aa529_preview.mp4","videoUrl":"https://kisstherain.top/api/uploadedFiles/b3e970bf-6d57-4d31-8239-5920eb5aa529.mp4"}
{"_id":{"$oid":"62de5c6d44f89d9b5a7f37f0"},"userName":"TestUser","createTime":"创建于2022年07月25日\n17时03分41秒\n时长：8 秒","previewUrl":"https://kisstherain.top/api/uploadedFiles/383a3b73-b8a0-4cf9-b03d-3847cc1bcbe2_merged_preview.mp4","videoUrl":"https://kisstherain.top/api/uploadedFiles/383a3b73-b8a0-4cf9-b03d-3847cc1bcbe2_merged.mp4"}
{"_id":{"$oid":"62de822444f89d9b5a7f37fd"},"userName":"TestUser","createTime":"创建于2022年07月25日\n19时44分36秒\n时长：9 秒","previewUrl":"https://kisstherain.top/api/uploadedFiles/3cd78d8e-8fb6-4c0b-944a-9ed28d7e2254_preview.mp4","videoUrl":"https://kisstherain.top/api/uploadedFiles/3cd78d8e-8fb6-4c0b-944a-9ed28d7e2254.mp4"}
{"_id":{"$oid":"62de9633ef15f81d3e5590b8"},"userName":"TestUser","createTime":"创建于2022年07月25日\n21时10分11秒\n时长：28 秒","previewUrl":"https://kisstherain.top/api/uploadedFiles/911fb543-81e2-414e-9a16-0642eca193ac_preview.mp4","videoUrl":"https://kisstherain.top/api/uploadedFiles/911fb543-81e2-414e-9a16-0642eca193ac.mp4"}
{"_id":{"$oid":"62de9661ef15f81d3e5590b9"},"userName":"TestUser","createTime":"创建于2022年07月25日\n21时10分57秒\n时长：19 秒","previewUrl":"https://kisstherain.top/api/uploadedFiles/911fb543-81e2-414e-9a16-0642eca193ac_merged_preview.mp4","videoUrl":"https://kisstherain.top/api/uploadedFiles/911fb543-81e2-414e-9a16-0642eca193ac_merged.mp4"}
{"_id":{"$oid":"62df810aef15f81d3e5590ba"},"userName":"TestUser","createTime":"创建于2022年07月26日\n13时52分10秒\n时长：14 秒","previewUrl":"https://kisstherain.top/api/uploadedFiles/1cf69316-2b34-406d-89eb-6c52f0376cc1_preview.mp4","videoUrl":"https://kisstherain.top/api/uploadedFiles/1cf69316-2b34-406d-89eb-6c52f0376cc1.mp4"}
{"_id":{"$oid":"62df84d6ef15f81d3e5590bb"},"userName":"TestUser","createTime":"创建于2022年07月26日\n14时08分22秒\n时长：69 秒","previewUrl":"https://kisstherain.top/api/uploadedFiles/3f3fc025-9b14-4349-89e4-d4300d55ddeb_preview.mp4","videoUrl":"https://kisstherain.top/api/uploadedFiles/3f3fc025-9b14-4349-89e4-d4300d55ddeb.mp4"}
{"_id":{"$oid":"62df862bef15f81d3e5590bc"},"userName":"TestUser","createTime":"创建于2022年07月26日\n14时14分03秒\n时长：44 秒","previewUrl":"https://kisstherain.top/api/uploadedFiles/91264885-3501-4364-b147-74843c1dd616_preview.mp4","videoUrl":"https://kisstherain.top/api/uploadedFiles/91264885-3501-4364-b147-74843c1dd616.mp4"}
{"_id":{"$oid":"62df9d23ef15f81d3e5590bd"},"userName":"TestUser","createTime":"创建于2022年07月26日\n15时52分03秒\n时长：40 秒","previewUrl":"https://kisstherain.top/api/uploadedFiles/ab6f3658-ed58-498d-8750-443895e5e39e_preview.mp4","videoUrl":"https://kisstherain.top/api/uploadedFiles/ab6f3658-ed58-498d-8750-443895e5e39e.mp4"}
{"_id":{"$oid":"62df9e8853b60b805b298b86"},"userName":"TestUser","createTime":"创建于2022年07月26日\n15时58分00秒\n时长：55 秒","previewUrl":"https://kisstherain.top/api/uploadedFiles/f3188fcb-12b6-4ed4-aa04-3e9d8d781df9_preview.mp4","videoUrl":"https://kisstherain.top/api/uploadedFiles/f3188fcb-12b6-4ed4-aa04-3e9d8d781df9.mp4"}
{"_id":{"$oid":"62dfa0d453b60b805b298b87"},"userName":"TestUser","createTime":"创建于2022年07月26日\n16时07分48秒\n时长：108 秒","previewUrl":"https://kisstherain.top/api/uploadedFiles/d2278877-7c32-4e44-b3ed-9b7813a16081_preview.mp4","videoUrl":"https://kisstherain.top/api/uploadedFiles/d2278877-7c32-4e44-b3ed-9b7813a16081.mp4"}
{"_id":{"$oid":"62dfddea53b60b805b298b88"},"userName":"TestUser","createTime":"创建于2022年07月26日\n20时28分26秒\n时长：81 秒","previewUrl":"https://kisstherain.top/api/uploadedFiles/33ee5852-45f8-42bd-b6ec-e3697c0452bd_preview.mp4","videoUrl":"https://kisstherain.top/api/uploadedFiles/33ee5852-45f8-42bd-b6ec-e3697c0452bd.mp4"}
{"_id":{"$oid":"62dfed5d53b60b805b298b89"},"userName":"TestUser","createTime":"创建于2022年07月26日\n21时34分21秒\n时长：75 秒","previewUrl":"https://kisstherain.top/api/uploadedFiles/b9a49dda-80d8-4ea8-af51-0d24c22ea9bf_preview.mp4","videoUrl":"https://kisstherain.top/api/uploadedFiles/b9a49dda-80d8-4ea8-af51-0d24c22ea9bf.mp4"}
{"_id":{"$oid":"62e0c70d53b60b805b298b8f"},"userName":"TestUser","createTime":"创建于2022年07月27日\n13时03分09秒\n时长：28 秒","previewUrl":"https://kisstherain.top/api/uploadedFiles/5c82ee58-18fd-4ab0-a0d0-8e78afb36da4_preview.mp4","videoUrl":"https://kisstherain.top/api/uploadedFiles/5c82ee58-18fd-4ab0-a0d0-8e78afb36da4.mp4"}
{"_id":{"$oid":"62e0cc1153b60b805b298b90"},"userName":"TestUser","createTime":"创建于2022年07月27日\n13时24分33秒\n时长：18 秒","previewUrl":"https://kisstherain.top/api/uploadedFiles/7ebde90e-d703-4265-ad53-a1c3cb230967_preview.mp4","videoUrl":"https://kisstherain.top/api/uploadedFiles/7ebde90e-d703-4265-ad53-a1c3cb230967.mp4"}
{"_id":{"$oid":"62e0cc7f53b60b805b298b91"},"userName":"TestUser","createTime":"创建于2022年07月27日\n13时26分23秒\n时长：22 秒","previewUrl":"https://kisstherain.top/api/uploadedFiles/0ac84090-173f-4e2a-a6d1-6e51c3f33da0_preview.mp4","videoUrl":"https://kisstherain.top/api/uploadedFiles/0ac84090-173f-4e2a-a6d1-6e51c3f33da0.mp4"}
{"_id":{"$oid":"62e22ebb53b60b805b298b93"},"userName":"TestUser","createTime":"创建于2022年07月28日\n14时37分47秒\n时长：11 秒","previewUrl":"https://kisstherain.top/api/uploadedFiles/249b44cf-2918-4b06-8211-8fe48c0bc560_preview.mp4","videoUrl":"https://kisstherain.top/api/uploadedFiles/249b44cf-2918-4b06-8211-8fe48c0bc560.mp4"}
{"_id":{"$oid":"62e27ea122daad50b6b13a84"},"userName":"TestUser","createTime":"创建于2022年07月28日\n20时18分41秒\n时长：11 秒","previewUrl":"https://kisstherain.top/api/uploadedFiles/ec524f3a-3941-40db-8a52-18a54d04c242_preview.mp4","videoUrl":"https://kisstherain.top/api/uploadedFiles/ec524f3a-3941-40db-8a52-18a54d04c242_249b44cf-2918-4b06-8211-8fe48c0bc560.mp4"}
{"_id":{"$oid":"62e27ecd22daad50b6b13a85"},"userName":"TestUser","createTime":"创建于2022年07月28日\n20时19分25秒\n时长：11 秒","previewUrl":"https://kisstherain.top/api/uploadedFiles/6ab1bbe0-90b6-405f-816a-182f3272c352_preview.mp4","videoUrl":"https://kisstherain.top/api/uploadedFiles/6ab1bbe0-90b6-405f-816a-182f3272c352_249b44cf-2918-4b06-8211-8fe48c0bc560.mp4"}
{"_id":{"$oid":"62e4a15822daad50b6b13a86"},"userName":"TestUser","createTime":"创建于2022年07月30日\n11时11分20秒\n时长：16 秒","previewUrl":"https://kisstherain.top/api/uploadedFiles/cb45fdee-e2f6-4ea3-acbf-5fa7e824f597_preview.mp4","videoUrl":"https://kisstherain.top/api/uploadedFiles/cb45fdee-e2f6-4ea3-acbf-5fa7e824f597.mp4"}
{"_id":{"$oid":"62e4a27222daad50b6b13a87"},"userName":"TestUser","createTime":"创建于2022年07月30日\n11时16分02秒\n时长：83 秒","previewUrl":"https://test1.deepsoft-tech.com:8443/api/uploadedFiles/1df4d315-2951-4f8e-9f0a-27995350514d_preview.mp4","videoUrl":"https://test1.deepsoft-tech.com:8443/api/uploadedFiles/1df4d315-2951-4f8e-9f0a-27995350514d.mp4"}
{"_id":{"$oid":"62e4e62d5f664c5b00c5cc03"},"userName":"TestUser","createTime":"创建于2022年07月30日\n16时05分01秒\n时长：13 秒","previewUrl":"https://test1.deepsoft-tech.com:8443/api/uploadedFiles/615f0c17-de4d-487b-bba5-d2d0d0f4f022_preview.mp4","videoUrl":"https://test1.deepsoft-tech.com:8443/api/uploadedFiles/615f0c17-de4d-487b-bba5-d2d0d0f4f022.mp4"}
{"_id":{"$oid":"62e75118761ed9ab9a978757"},"userName":"TestUser","createTime":"创建于2022年08月01日\n12时05分44秒\n时长：13 秒","previewUrl":"https://test1.deepsoft-tech.com:8443/api/uploadedFiles/615fb7c1-2e12-48ac-882f-f5972630dfec_preview.mp4","videoUrl":"https://test1.deepsoft-tech.com:8443/api/uploadedFiles/615fb7c1-2e12-48ac-882f-f5972630dfec_615f0c17-de4d-487b-bba5-d2d0d0f4f022.mp4"}
{"_id":{"$oid":"62e751ed761ed9ab9a978758"},"userName":"TestUser","createTime":"创建于2022年08月01日\n12时09分17秒\n时长：36 秒","previewUrl":"https://test1.deepsoft-tech.com:8443/api/uploadedFiles/47b846a9-0573-476d-ad7c-06421858b257_preview.mp4","videoUrl":"https://test1.deepsoft-tech.com:8443/api/uploadedFiles/47b846a9-0573-476d-ad7c-06421858b257.mp4"}
{"_id":{"$oid":"62e9314a4ebd76899c387ac2"},"userName":"TestUser","createTime":"创建于2022年08月02日\n22时14分34秒\n时长：36 秒","previewUrl":"https://test1.deepsoft-tech.com:8443/api/uploadedFiles/29aa331f-14da-435d-8b10-a0c07f77b851_preview.mp4","videoUrl":"https://test1.deepsoft-tech.com:8443/api/uploadedFiles/29aa331f-14da-435d-8b10-a0c07f77b851_47b846a9-0573-476d-ad7c-06421858b257.mp4"}
{"_id":{"$oid":"62e9d6644ebd76899c387ac4"},"userName":"TestUser","createTime":"创建于2022年08月03日\n09时59分00秒\n时长：36 秒","previewUrl":"https://test1.deepsoft-tech.com:8443/api/uploadedFiles/8948d489-f42c-444f-bc21-f7d3e8412f94_preview.mp4","videoUrl":"https://test1.deepsoft-tech.com:8443/api/uploadedFiles/8948d489-f42c-444f-bc21-f7d3e8412f94_47b846a9-0573-476d-ad7c-06421858b257.mp4"}
{"_id":{"$oid":"62ea3e7f7da22c347f9d5f00"},"userName":"TestUser","createTime":"创建于2022年08月03日\n17时23分11秒\n时长：86 秒","previewUrl":"https://test1.deepsoft-tech.com:8443/api/uploadedFiles/ce466b67-ca6b-4a41-86c8-2eaa7fc48d9f_preview.mp4","videoUrl":"https://test1.deepsoft-tech.com:8443/api/uploadedFiles/ce466b67-ca6b-4a41-86c8-2eaa7fc48d9f.mp4"}
{"_id":{"$oid":"62ea3f2d7da22c347f9d5f01"},"userName":"TestUser","createTime":"创建于2022年08月03日\n17时26分05秒\n时长：86 秒","previewUrl":"https://test1.deepsoft-tech.com:8443/api/uploadedFiles/f3dce15e-20f2-4675-aa55-521cfd0cb31f_preview.mp4","videoUrl":"https://test1.deepsoft-tech.com:8443/api/uploadedFiles/f3dce15e-20f2-4675-aa55-521cfd0cb31f_ce466b67-ca6b-4a41-86c8-2eaa7fc48d9f.mp4"}
{"_id":{"$oid":"62ea3ff77da22c347f9d5f02"},"userName":"TestUser","createTime":"创建于2022年08月03日\n17时29分27秒\n时长：74 秒","previewUrl":"https://test1.deepsoft-tech.com:8443/api/uploadedFiles/49b9899a-cf5c-491c-b6b3-3a93417404c4_preview.mp4","videoUrl":"https://test1.deepsoft-tech.com:8443/api/uploadedFiles/49b9899a-cf5c-491c-b6b3-3a93417404c4.mp4"}
{"_id":{"$oid":"62ea69c97da22c347f9d5f04"},"userName":"TestUser","createTime":"创建于2022年08月03日\n20时27分53秒\n时长：86 秒","previewUrl":"https://test1.deepsoft-tech.com:8443/api/uploadedFiles/c811e36f-5836-4da6-9a6f-a0ba3f138b06_preview.mp4","videoUrl":"https://test1.deepsoft-tech.com:8443/api/uploadedFiles/c811e36f-5836-4da6-9a6f-a0ba3f138b06_ce466b67-ca6b-4a41-86c8-2eaa7fc48d9f.mp4"}
{"_id":{"$oid":"62eb2c397da22c347f9d5f06"},"userName":"TestUser","createTime":"创建于2022年08月04日\n10时17分29秒\n时长：27 秒","previewUrl":"https://test1.deepsoft-tech.com:8443/api/uploadedFiles/a5f654d3-c531-4eeb-a6d0-4f9278e39df7_preview.mp4","videoUrl":"https://test1.deepsoft-tech.com:8443/api/uploadedFiles/a5f654d3-c531-4eeb-a6d0-4f9278e39df7.mp4"}
{"_id":{"$oid":"62eb3f4f38584c01e944b052"},"userName":"TestUser","createTime":"创建于2022年08月04日\n11时38分55秒\n时长：55 秒","previewUrl":"https://test1.deepsoft-tech.com:8443/api/uploadedFiles/7d836bdc-477a-43cd-b179-ebb092a51cbb_preview.mp4","videoUrl":"https://test1.deepsoft-tech.com:8443/api/uploadedFiles/7d836bdc-477a-43cd-b179-ebb092a51cbb.mp4"}
{"_id":{"$oid":"62eb3f9b38584c01e944b053"},"userName":"TestUser","createTime":"创建于2022年08月04日\n11时40分11秒\n时长：55 秒","previewUrl":"https://test1.deepsoft-tech.com:8443/api/uploadedFiles/988db004-029d-44af-a95d-ba56fd827236_preview.mp4","videoUrl":"https://test1.deepsoft-tech.com:8443/api/uploadedFiles/988db004-029d-44af-a95d-ba56fd827236_7d836bdc-477a-43cd-b179-ebb092a51cbb.mp4"}
{"_id":{"$oid":"62eb47ce38584c01e944b054"},"userName":"TestUser","createTime":"创建于2022年08月04日\n12时15分10秒\n时长： 秒","previewUrl":"https://test1.deepsoft-tech.com:8443/api/uploadedFiles/8ee760ea-a190-4e96-884b-0f11ac4ffe41_preview.mp4","videoUrl":"https://test1.deepsoft-tech.com:8443/api/uploadedFiles/8ee760ea-a190-4e96-884b-0f11ac4ffe41.mp4"}
{"_id":{"$oid":"62eb51f138584c01e944b055"},"userName":"TestUser","createTime":"创建于2022年08月04日\n12时58分25秒\n时长：33 秒","previewUrl":"https://test1.deepsoft-tech.com:8443/api/uploadedFiles/e0b551bd-d72e-4036-a495-b5cf9bd6b8a2_preview.mp4","videoUrl":"https://test1.deepsoft-tech.com:8443/api/uploadedFiles/e0b551bd-d72e-4036-a495-b5cf9bd6b8a2.mp4"}
{"_id":{"$oid":"62eb779c38584c01e944b056"},"userName":"TestUser","createTime":"创建于2022年08月04日\n15时39分08秒\n时长：116 秒","previewUrl":"https://test1.deepsoft-tech.com:8443/api/uploadedFiles/0066f79b-f483-4a8b-a401-eedf21772a32_preview.mp4","videoUrl":"https://test1.deepsoft-tech.com:8443/api/uploadedFiles/0066f79b-f483-4a8b-a401-eedf21772a32.mp4"}
{"_id":{"$oid":"62eb78c138584c01e944b057"},"userName":"TestUser","createTime":"创建于2022年08月04日\n15时44分01秒\n时长：73 秒","previewUrl":"https://test1.deepsoft-tech.com:8443/api/uploadedFiles/60704b5b-475d-4088-a08b-becf28df089a_preview.mp4","videoUrl":"https://test1.deepsoft-tech.com:8443/api/uploadedFiles/60704b5b-475d-4088-a08b-becf28df089a.mp4"}
{"_id":{"$oid":"62ebb99638584c01e944b05b"},"userName":"TestUser","createTime":"创建于2022年08月04日\n20时20分38秒\n时长：40 秒","previewUrl":"https://test1.deepsoft-tech.com:8443/api/uploadedFiles/f1e4f640-a6cd-472f-98dd-bed2ab40380d_preview.mp4","videoUrl":"https://test1.deepsoft-tech.com:8443/api/uploadedFiles/f1e4f640-a6cd-472f-98dd-bed2ab40380d.mp4"}
{"_id":{"$oid":"62ebc29438584c01e944b05c"},"userName":"TestUser","createTime":"创建于2022年08月04日\n20时59分00秒\n时长：36 秒","previewUrl":"https://test1.deepsoft-tech.com:8443/api/uploadedFiles/b7157b99-7789-40b1-a75b-5c03b0234d00_preview.mp4","videoUrl":"https://test1.deepsoft-tech.com:8443/api/uploadedFiles/b7157b99-7789-40b1-a75b-5c03b0234d00.mp4"}
{"_id":{"$oid":"62ebc86638584c01e944b05d"},"userName":"TestUser","createTime":"创建于2022年08月04日\n21时23分50秒\n时长：67 秒","previewUrl":"https://test1.deepsoft-tech.com:8443/api/uploadedFiles/f019c4f5-5e2f-4453-bc8e-e9ba4cbf5572_preview.mp4","videoUrl":"https://test1.deepsoft-tech.com:8443/api/uploadedFiles/f019c4f5-5e2f-4453-bc8e-e9ba4cbf5572.mp4"}
{"_id":{"$oid":"62ebca9238584c01e944b05e"},"userName":"TestUser","createTime":"创建于2022年08月04日\n21时33分06秒\n时长：56 秒","previewUrl":"https://test1.deepsoft-tech.com:8443/api/uploadedFiles/c3396b04-4891-46fc-bfaa-562a21360fcd_preview.mp4","videoUrl":"https://test1.deepsoft-tech.com:8443/api/uploadedFiles/c3396b04-4891-46fc-bfaa-562a21360fcd.mp4"}
{"_id":{"$oid":"62ebcc2838584c01e944b05f"},"userName":"TestUser","createTime":"创建于2022年08月04日\n21时39分52秒\n时长：64 秒","previewUrl":"https://test1.deepsoft-tech.com:8443/api/uploadedFiles/88d8bb6a-d4a1-4ec3-ac97-83319ab7ccc1_preview.mp4","videoUrl":"https://test1.deepsoft-tech.com:8443/api/uploadedFiles/88d8bb6a-d4a1-4ec3-ac97-83319ab7ccc1.mp4"}
{"_id":{"$oid":"62ebce1638584c01e944b060"},"userName":"TestUser","createTime":"创建于2022年08月04日\n21时48分06秒\n时长：79 秒","previewUrl":"https://test1.deepsoft-tech.com:8443/api/uploadedFiles/9db8b057-8e38-4634-b05d-f71e51a52c74_preview.mp4","videoUrl":"https://test1.deepsoft-tech.com:8443/api/uploadedFiles/9db8b057-8e38-4634-b05d-f71e51a52c74.mp4"}
{"_id":{"$oid":"62ebd1e438584c01e944b061"},"userName":"TestUser","createTime":"创建于2022年08月04日\n22时04分20秒\n时长：72 秒","previewUrl":"https://test1.deepsoft-tech.com:8443/api/uploadedFiles/72a5c3ec-b34c-499a-a09a-c1166ac52a66_preview.mp4","videoUrl":"https://test1.deepsoft-tech.com:8443/api/uploadedFiles/72a5c3ec-b34c-499a-a09a-c1166ac52a66.mp4"}
{"_id":{"$oid":"62ec699238584c01e944b062"},"userName":"TestUser","createTime":"创建于2022年08月05日\n08时51分30秒\n时长：76 秒","previewUrl":"https://test1.deepsoft-tech.com:8443/api/uploadedFiles/54db5451-c32e-4dff-b216-0e8ca5dd1d8e_preview.mp4","videoUrl":"https://test1.deepsoft-tech.com:8443/api/uploadedFiles/54db5451-c32e-4dff-b216-0e8ca5dd1d8e.mp4"}
{"_id":{"$oid":"62ecb755a69f58c773861aa0"},"userName":"TestUser","createTime":"创建于2022年08月05日\n14时23分17秒\n时长：7 秒","previewUrl":"https://test1.deepsoft-tech.com:8443/api/uploadedFiles/30362ee8-191f-40af-b6be-6b759fffbd2a_preview.mp4","videoUrl":"https://test1.deepsoft-tech.com:8443/api/uploadedFiles/30362ee8-191f-40af-b6be-6b759fffbd2a.mp4"}
{"_id":{"$oid":"62ecbf88935e30bc833d1a60"},"userName":"TestUser","createTime":"创建于2022年08月05日\n14时58分16秒\n时长：7 秒","previewUrl":"https://test1.deepsoft-tech.com:8443/api/uploadedFiles/3d486a99-8421-4401-8d9c-07662a2b85c8_preview.mp4","videoUrl":"https://test1.deepsoft-tech.com:8443/api/uploadedFiles/3d486a99-8421-4401-8d9c-07662a2b85c8_30362ee8-191f-40af-b6be-6b759fffbd2a.mp4"}
{"_id":{"$oid":"62ed09f418dcdaa8316982db"},"userName":"TestUser","createTime":"创建于2022年08月05日\n20时15分48秒\n时长：7 秒","previewUrl":"https://test1.deepsoft-tech.com:8443/api/uploadedFiles/e7370f4e-26e0-4acf-8e55-d777c7ccb966_preview.mp4","videoUrl":"https://test1.deepsoft-tech.com:8443/api/uploadedFiles/e7370f4e-26e0-4acf-8e55-d777c7ccb966.mp4"}
{"_id":{"$oid":"62ed1c8a18dcdaa8316982dc"},"userName":"TestUser","createTime":"创建于2022年08月05日\n21时35分06秒\n时长：16 秒","previewUrl":"https://test1.deepsoft-tech.com:8443/api/uploadedFiles/84025ebe-ce49-4493-af8b-37b61a7fb548_preview.mp4","videoUrl":"https://test1.deepsoft-tech.com:8443/api/uploadedFiles/84025ebe-ce49-4493-af8b-37b61a7fb548.mp4"}
{"_id":{"$oid":"62ed210418dcdaa8316982de"},"userName":"TestUser","createTime":"创建于2022年08月05日\n21时54分12秒\n时长：118 秒","previewUrl":"https://test1.deepsoft-tech.com:8443/api/uploadedFiles/6919d023-b3c1-4d6b-87ff-f7634ea9edc0_preview.mp4","videoUrl":"https://test1.deepsoft-tech.com:8443/api/uploadedFiles/6919d023-b3c1-4d6b-87ff-f7634ea9edc0.mp4"}
{"_id":{"$oid":"62ef72548169d5d4cd434220"},"userName":"TestUser","createTime":"创建于2022年08月07日\n16时05分40秒\n时长：23 秒","previewUrl":"https://test1.deepsoft-tech.com:8443/api/uploadedFiles/a7132918-52c7-4967-b4bc-b2fa34903095_preview.mp4","videoUrl":"https://test1.deepsoft-tech.com:8443/api/uploadedFiles/a7132918-52c7-4967-b4bc-b2fa34903095.mp4"}
{"_id":{"$oid":"62efc7bd602192a0a89d0179"},"userName":"TestUser","createTime":"创建于2022年08月07日\n22时10分05秒\n时长：8 秒","previewUrl":"https://test1.deepsoft-tech.com:8443/api/uploadedFiles/84ab8c5b-7d5b-43c4-968a-16f6cad40416_preview.mp4","videoUrl":"https://test1.deepsoft-tech.com:8443/api/uploadedFiles/84ab8c5b-7d5b-43c4-968a-16f6cad40416.mp4"}
{"_id":{"$oid":"62f0b973602192a0a89d017d"},"userName":"TestUser","createTime":"创建于2022年08月08日\n15时21分23秒\n时长：48 秒","previewUrl":"https://test1.deepsoft-tech.com:8443/api/uploadedFiles/23e34d02-75ee-4264-b9d1-463396f013c6_preview.mp4","videoUrl":"https://test1.deepsoft-tech.com:8443/api/uploadedFiles/23e34d02-75ee-4264-b9d1-463396f013c6.mp4"}
{"_id":{"$oid":"62f2269b602192a0a89d017f"},"userName":"TestUser","createTime":"创建于2022年08月09日\n17时19分23秒\n时长：63 秒","previewUrl":"https://test1.deepsoft-tech.com:8443/api/uploadedFiles/01822b11-1902-487e-8479-24e00ab63e28_preview.mp4","videoUrl":"https://test1.deepsoft-tech.com:8443/api/uploadedFiles/01822b11-1902-487e-8479-24e00ab63e28.mp4"}
{"_id":{"$oid":"62f22a48602192a0a89d0180"},"userName":"TestUser","createTime":"创建于2022年08月09日\n17时35分04秒\n时长：65 秒","previewUrl":"https://test1.deepsoft-tech.com:8443/api/uploadedFiles/381709af-1dbc-458e-9dfe-1a95eef80633_preview.mp4","videoUrl":"https://test1.deepsoft-tech.com:8443/api/uploadedFiles/381709af-1dbc-458e-9dfe-1a95eef80633.mp4"}
{"_id":{"$oid":"62f234e2602192a0a89d0181"},"userName":"TestUser","createTime":"创建于2022年08月09日\n18时20分18秒\n时长：63 秒","previewUrl":"https://test1.deepsoft-tech.com:8443/api/uploadedFiles/574dee77-63d9-4b39-90fc-339a9cd9d818_preview.mp4","videoUrl":"https://test1.deepsoft-tech.com:8443/api/uploadedFiles/574dee77-63d9-4b39-90fc-339a9cd9d818.mp4"}
{"_id":{"$oid":"62f23903602192a0a89d0182"},"userName":"TestUser","createTime":"创建于2022年08月09日\n18时37分55秒\n时长：48 秒","previewUrl":"https://test1.deepsoft-tech.com:8443/api/uploadedFiles/ca7cbd73-67e0-488c-aa97-694a2986349d_preview.mp4","videoUrl":"https://test1.deepsoft-tech.com:8443/api/uploadedFiles/ca7cbd73-67e0-488c-aa97-694a2986349d.mp4"}
{"_id":{"$oid":"62f23a49602192a0a89d0183"},"userName":"TestUser","createTime":"创建于2022年08月09日\n18时43分21秒\n时长：26 秒","previewUrl":"https://test1.deepsoft-tech.com:8443/api/uploadedFiles/7a59d336-d670-400c-beb5-46ef12850e0b_preview.mp4","videoUrl":"https://test1.deepsoft-tech.com:8443/api/uploadedFiles/7a59d336-d670-400c-beb5-46ef12850e0b.mp4"}
{"_id":{"$oid":"62f388500bfde08ecbdf6e7a"},"userName":"TestUser","createTime":"创建于2022年08月10日\n18时28分32秒\n时长：22 秒","previewUrl":"https://test1.deepsoft-tech.com:8443/api/uploadedFiles/d9575860-88f0-4d6e-97f0-d9465f0f4ad5_preview.mp4","videoUrl":"https://test1.deepsoft-tech.com:8443/api/uploadedFiles/d9575860-88f0-4d6e-97f0-d9465f0f4ad5.mp4"}
{"_id":{"$oid":"62f3a3650bfde08ecbdf6e7b"},"userName":"TestUser","createTime":"创建于2022年08月10日\n20时24分05秒\n时长：26 秒","previewUrl":"https://test1.deepsoft-tech.com:8443/api/uploadedFiles/7195b1ff-57d0-498e-888a-a13604872ea0_preview.mp4","videoUrl":"https://test1.deepsoft-tech.com:8443/api/uploadedFiles/7195b1ff-57d0-498e-888a-a13604872ea0.mp4"}
{"_id":{"$oid":"62f3a4f80bfde08ecbdf6e7c"},"userName":"TestUser","createTime":"创建于2022年08月10日\n20时30分48秒\n时长：72 秒","previewUrl":"https://test1.deepsoft-tech.com:8443/api/uploadedFiles/66be44c2-7824-4346-937a-3e45bf35f7b9_preview.mp4","videoUrl":"https://test1.deepsoft-tech.com:8443/api/uploadedFiles/66be44c2-7824-4346-937a-3e45bf35f7b9.mp4"}
{"_id":{"$oid":"62f3b62c0bfde08ecbdf6e7e"},"userName":"TestUser","createTime":"创建于2022年08月10日\n21时44分12秒\n时长：66 秒","previewUrl":"https://test1.deepsoft-tech.com:8443/api/uploadedFiles/a5edf694-3f1f-45a9-b4b7-34cde122245d_preview.mp4","videoUrl":"https://test1.deepsoft-tech.com:8443/api/uploadedFiles/a5edf694-3f1f-45a9-b4b7-34cde122245d.mp4"}
{"_id":{"$oid":"62f3b83b0bfde08ecbdf6e7f"},"userName":"TestUser","createTime":"创建于2022年08月10日\n21时52分59秒\n时长：108 秒","previewUrl":"https://test1.deepsoft-tech.com:8443/api/uploadedFiles/1a978f55-1c9e-4321-95e2-29f346019b72_preview.mp4","videoUrl":"https://test1.deepsoft-tech.com:8443/api/uploadedFiles/1a978f55-1c9e-4321-95e2-29f346019b72.mp4"}
{"_id":{"$oid":"62f3bbe80bfde08ecbdf6e80"},"userName":"TestUser","createTime":"创建于2022年08月10日\n22时08分40秒\n时长：34 秒","previewUrl":"https://test1.deepsoft-tech.com:8443/api/uploadedFiles/16f4b5a9-4106-407f-9a62-18be3491ea74_preview.mp4","videoUrl":"https://test1.deepsoft-tech.com:8443/api/uploadedFiles/16f4b5a9-4106-407f-9a62-18be3491ea74.mp4"}
{"_id":{"$oid":"62f4bdb20bfde08ecbdf6e8a"},"userName":"TestUser","createTime":"创建于2022年08月11日\n16时28分34秒\n时长：81 秒","previewUrl":"https://test1.deepsoft-tech.com:8443/api/uploadedFiles/4d907731-71f2-47bf-a0f7-ab813e0b2927_preview.mp4","videoUrl":"https://test1.deepsoft-tech.com:8443/api/uploadedFiles/4d907731-71f2-47bf-a0f7-ab813e0b2927.mp4"}
{"_id":{"$oid":"62f4bfdb0bfde08ecbdf6e8b"},"userName":"TestUser","createTime":"创建于2022年08月11日\n16时37分47秒\n时长：102 秒","previewUrl":"https://test1.deepsoft-tech.com:8443/api/uploadedFiles/51a59e14-1ce4-4702-8d0e-4952f11aa0b1_preview.mp4","videoUrl":"https://test1.deepsoft-tech.com:8443/api/uploadedFiles/51a59e14-1ce4-4702-8d0e-4952f11aa0b1.mp4"}
{"_id":{"$oid":"62f4c0f40bfde08ecbdf6e8c"},"userName":"TestUser","createTime":"创建于2022年08月11日\n16时42分28秒\n时长：52 秒","previewUrl":"https://test1.deepsoft-tech.com:8443/api/uploadedFiles/b6b7e293-a21d-4f27-b6f8-cce5395148ac_preview.mp4","videoUrl":"https://test1.deepsoft-tech.com:8443/api/uploadedFiles/b6b7e293-a21d-4f27-b6f8-cce5395148ac.mp4"}
{"_id":{"$oid":"62f4ea810bfde08ecbdf6e8d"},"userName":"TestUser","createTime":"创建于2022年08月11日\n19时39分45秒\n时长：41 秒","previewUrl":"https://test1.deepsoft-tech.com:8443/api/uploadedFiles/eada7a4d-f96b-47d4-acbf-f43b10fca847_preview.mp4","videoUrl":"https://test1.deepsoft-tech.com:8443/api/uploadedFiles/eada7a4d-f96b-47d4-acbf-f43b10fca847.mp4"}
{"_id":{"$oid":"62f6457b0bfde08ecbdf6e8e"},"userName":"TestUser","createTime":"创建于2022年08月12日\n20时20分11秒\n时长：48 秒","previewUrl":"https://test1.deepsoft-tech.com:8443/api/uploadedFiles/6a62c4d3-89a9-43a6-b41e-144586d84bb1_preview.mp4","videoUrl":"https://test1.deepsoft-tech.com:8443/api/uploadedFiles/6a62c4d3-89a9-43a6-b41e-144586d84bb1.mp4"}
{"_id":{"$oid":"62f646530bfde08ecbdf6e8f"},"userName":"TestUser","createTime":"创建于2022年08月12日\n20时23分47秒\n时长：22 秒","previewUrl":"https://test1.deepsoft-tech.com:8443/api/uploadedFiles/223efc76-39bf-4c00-afb7-1af4776f9d90_preview.mp4","videoUrl":"https://test1.deepsoft-tech.com:8443/api/uploadedFiles/223efc76-39bf-4c00-afb7-1af4776f9d90.mp4"}
{"_id":{"$oid":"62f9bb820bfde08ecbdf6e90"},"userName":"TestUser","createTime":"创建于2022年08月15日\n11时20分34秒\n时长：37 秒","previewUrl":"https://test1.deepsoft-tech.com:8443/api/uploadedFiles/43c7994b-5fd3-44ca-aafe-d30f317876bf_preview.mp4","videoUrl":"https://test1.deepsoft-tech.com:8443/api/uploadedFiles/43c7994b-5fd3-44ca-aafe-d30f317876bf.mp4"}
{"_id":{"$oid":"62fb8a4b0efce3a0ff6107ed"},"userName":"TestUser","createTime":"创建于2022年08月16日\n20时15分07秒\n时长：47 秒","previewUrl":"https://test1.deepsoft-tech.com:8443/api/uploadedFiles/981656ae-24c5-4615-8cdc-6d165b078e58_preview.mp4","videoUrl":"https://test1.deepsoft-tech.com:8443/api/uploadedFiles/981656ae-24c5-4615-8cdc-6d165b078e58.mp4"}
{"_id":{"$oid":"62fb8e57bfdce2a69f7bb1cf"},"userName":"TestUser","createTime":"创建于2022年08月16日\n20时32分23秒\n时长：65 秒","previewUrl":"https://test1.deepsoft-tech.com:8443/api/uploadedFiles/dffa5022-1aa6-4e21-b88d-f26b6d6e1ba0_preview.mp4","videoUrl":"https://test1.deepsoft-tech.com:8443/api/uploadedFiles/dffa5022-1aa6-4e21-b88d-f26b6d6e1ba0.mp4"}
{"_id":{"$oid":"62fe1872eb430930ce62ac91"},"userName":"TestUser","createTime":"创建于2022年08月18日\n18时46分10秒\n时长：36 秒","previewUrl":"https://test1.deepsoft-tech.com:8443/api/uploadedFiles/20594d3f-8744-4eb3-977b-226d2688e494_preview.mp4","videoUrl":"https://test1.deepsoft-tech.com:8443/api/uploadedFiles/20594d3f-8744-4eb3-977b-226d2688e494.mp4"}
{"_id":{"$oid":"62fe192a22871ec8b5706bab"},"userName":"TestUser","createTime":"创建于2022年08月18日\n18时49分14秒\n时长：6 秒","previewUrl":"https://test1.deepsoft-tech.com:8443/api/uploadedFiles/a302b663-925b-4eba-8cc4-11c2e455b928_preview.mp4","videoUrl":"https://test1.deepsoft-tech.com:8443/api/uploadedFiles/a302b663-925b-4eba-8cc4-11c2e455b928.mp4"}
{"_id":{"$oid":"63018dae8cc122026420f414"},"userName":"TestUser","createTime":"创建于2022年08月21日\n09时43分10秒\n时长：43 秒","previewUrl":"https://test1.deepsoft-tech.com:8443/api/uploadedFiles/62e1fde7-3d1c-44f0-a142-dcb2a24cb953_preview.mp4","videoUrl":"https://test1.deepsoft-tech.com:8443/api/uploadedFiles/62e1fde7-3d1c-44f0-a142-dcb2a24cb953.mp4"}
{"_id":{"$oid":"63031981f76912a35045e40d"},"userName":"TestUser","createTime":"创建于2022年08月22日\n13时52分01秒\n时长：27 秒","previewUrl":"https://test1.deepsoft-tech.com:8443/api/uploadedFiles/540e48cb-e39a-4afb-9c29-6fcbeb6142b8_preview.mp4","videoUrl":"https://test1.deepsoft-tech.com:8443/api/uploadedFiles/540e48cb-e39a-4afb-9c29-6fcbeb6142b8.mp4"}
{"_id":{"$oid":"630319e5020aadfb7e7ab5f9"},"userName":"TestUser","createTime":"创建于2022年08月22日\n13时53分41秒\n时长：7 秒","previewUrl":"https://test1.deepsoft-tech.com:8443/api/uploadedFiles/8476a613-73d5-4737-9aa6-5540e8bac5c5_preview.mp4","videoUrl":"https://test1.deepsoft-tech.com:8443/api/uploadedFiles/8476a613-73d5-4737-9aa6-5540e8bac5c5.mp4"}
{"_id":{"$oid":"63031b472b31949b05be15f9"},"userName":"TestUser","createTime":"创建于2022年08月22日\n13时59分35秒\n时长：35 秒","previewUrl":"https://test1.deepsoft-tech.com:8443/api/uploadedFiles/2032d530-4f62-4d8c-aa34-fe1ad168e362_preview.mp4","videoUrl":"https://test1.deepsoft-tech.com:8443/api/uploadedFiles/2032d530-4f62-4d8c-aa34-fe1ad168e362.mp4"}
{"_id":{"$oid":"630347202b31949b05be15fa"},"userName":"TestUser","createTime":"创建于2022年08月22日\n17时06分40秒\n时长：106 秒","previewUrl":"https://test1.deepsoft-tech.com:8443/api/uploadedFiles/9c7852ad-31c9-4ce6-baa3-42c17a57b726_preview.mp4","videoUrl":"https://test1.deepsoft-tech.com:8443/api/uploadedFiles/9c7852ad-31c9-4ce6-baa3-42c17a57b726.mp4"}
{"_id":{"$oid":"63039e49ce9c4117e9fde0ab"},"userName":"TestUser","createTime":"创建于2022年08月22日\n23时18分33秒\n时长：42 秒","previewUrl":"https://test1.deepsoft-tech.com:8443/api/uploadedFiles/f52b7bd3-e15e-4a51-b6c9-256b6e6cc20e_preview.mp4","videoUrl":"https://test1.deepsoft-tech.com:8443/api/uploadedFiles/f52b7bd3-e15e-4a51-b6c9-256b6e6cc20e.mp4"}
{"_id":{"$oid":"6303a0e52b31949b05be15fb"},"userName":"TestUser","createTime":"创建于2022年08月22日\n23时29分41秒\n时长：23 秒","previewUrl":"https://test1.deepsoft-tech.com:8443/api/uploadedFiles/4fad570d-ce6e-4e10-932f-4a94055827dd_preview.mp4","videoUrl":"https://test1.deepsoft-tech.com:8443/api/uploadedFiles/4fad570d-ce6e-4e10-932f-4a94055827dd.mp4"}
{"_id":{"$oid":"6303a1bb43a2accb0414c16d"},"userName":"TestUser","createTime":"创建于2022年08月22日\n23时33分15秒\n时长：12 秒","previewUrl":"https://test1.deepsoft-tech.com:8443/api/uploadedFiles/cb8a125b-d168-4786-95ae-c3292743646e_preview.mp4","videoUrl":"https://test1.deepsoft-tech.com:8443/api/uploadedFiles/cb8a125b-d168-4786-95ae-c3292743646e.mp4"}
{"_id":{"$oid":"63043d7c020aadfb7e7ab5fa"},"userName":"TestUser","createTime":"创建于2022年08月23日\n10时37分48秒\n时长：10 秒","previewUrl":"https://test1.deepsoft-tech.com:8443/api/uploadedFiles/abb97154-773a-4fef-b4dd-80a2e3b5badb_preview.mp4","videoUrl":"https://test1.deepsoft-tech.com:8443/api/uploadedFiles/abb97154-773a-4fef-b4dd-80a2e3b5badb.mp4"}
{"_id":{"$oid":"63043e3943a2accb0414c16f"},"userName":"TestUser","createTime":"创建于2022年08月23日\n10时40分57秒\n时长：11 秒","previewUrl":"https://test1.deepsoft-tech.com:8443/api/uploadedFiles/34d241ac-b6f3-4454-9464-9e498c04893f_preview.mp4","videoUrl":"https://test1.deepsoft-tech.com:8443/api/uploadedFiles/34d241ac-b6f3-4454-9464-9e498c04893f.mp4"}
{"_id":{"$oid":"6304419b43a2accb0414c170"},"userName":"TestUser","createTime":"创建于2022年08月23日\n10时55分23秒\n时长：10 秒","previewUrl":"https://test1.deepsoft-tech.com:8443/api/uploadedFiles/8e1391e8-1737-4dcf-9411-16965cd60386_preview.mp4","videoUrl":"https://test1.deepsoft-tech.com:8443/api/uploadedFiles/8e1391e8-1737-4dcf-9411-16965cd60386.mp4"}
{"_id":{"$oid":"6304c85743a2accb0414c171"},"userName":"TestUser","createTime":"创建于2022年08月23日\n20时30分15秒\n时长：12 秒","previewUrl":"https://test1.deepsoft-tech.com:8443/api/uploadedFiles/99094d29-4d91-4b5c-916b-70dd8f4e4476_preview.mp4","videoUrl":"https://test1.deepsoft-tech.com:8443/api/uploadedFiles/99094d29-4d91-4b5c-916b-70dd8f4e4476.mp4"}
{"_id":{"$oid":"6304c9658cc122026420f418"},"userName":"TestUser","createTime":"创建于2022年08月23日\n20时34分45秒\n时长：37 秒","previewUrl":"https://test1.deepsoft-tech.com:8443/api/uploadedFiles/cb81030e-bf47-4844-8d50-55d8ff47aea2_preview.mp4","videoUrl":"https://test1.deepsoft-tech.com:8443/api/uploadedFiles/cb81030e-bf47-4844-8d50-55d8ff47aea2.mp4"}
{"_id":{"$oid":"6304c9e12b31949b05be15fd"},"userName":"TestUser","createTime":"创建于2022年08月23日\n20时36分49秒\n时长：19 秒","previewUrl":"https://test1.deepsoft-tech.com:8443/api/uploadedFiles/54da213f-7324-4d11-a91e-dde524a53892_preview.mp4","videoUrl":"https://test1.deepsoft-tech.com:8443/api/uploadedFiles/54da213f-7324-4d11-a91e-dde524a53892.mp4"}
{"_id":{"$oid":"6304ccd22b31949b05be15fe"},"userName":"TestUser","createTime":"创建于2022年08月23日\n20时49分22秒\n时长：73 秒","previewUrl":"https://test1.deepsoft-tech.com:8443/api/uploadedFiles/4d3ac690-7ad3-41e5-b0b9-170dafb91c1c_preview.mp4","videoUrl":"https://test1.deepsoft-tech.com:8443/api/uploadedFiles/4d3ac690-7ad3-41e5-b0b9-170dafb91c1c.mp4"}
{"_id":{"$oid":"63060b1c8cc122026420f419"},"userName":"TestUser","createTime":"创建于2022年08月24日\n19时27分24秒\n时长：14 秒","previewUrl":"https://test1.deepsoft-tech.com:8443/api/uploadedFiles/097470e0-1d95-48ce-bdec-7a3d3b71a98c_preview.mp4","videoUrl":"https://test1.deepsoft-tech.com:8443/api/uploadedFiles/097470e0-1d95-48ce-bdec-7a3d3b71a98c.mp4"}
{"_id":{"$oid":"63060c8a2b31949b05be15ff"},"userName":"TestUser","createTime":"创建于2022年08月24日\n19时33分30秒\n时长：51 秒","previewUrl":"https://test1.deepsoft-tech.com:8443/api/uploadedFiles/524e40f1-fad7-47d1-877e-813c8488c385_preview.mp4","videoUrl":"https://test1.deepsoft-tech.com:8443/api/uploadedFiles/524e40f1-fad7-47d1-877e-813c8488c385.mp4"}
{"_id":{"$oid":"63061c2c43a2accb0414c172"},"userName":"TestUser","createTime":"创建于2022年08月24日\n20时40分12秒\n时长：44 秒","previewUrl":"https://test1.deepsoft-tech.com:8443/api/uploadedFiles/076d6620-e528-41fd-8885-e213de222558_preview.mp4","videoUrl":"https://test1.deepsoft-tech.com:8443/api/uploadedFiles/076d6620-e528-41fd-8885-e213de222558.mp4"}
{"_id":{"$oid":"630621198cc122026420f41a"},"userName":"TestUser","createTime":"创建于2022年08月24日\n21时01分13秒\n时长：74 秒","previewUrl":"https://test1.deepsoft-tech.com:8443/api/uploadedFiles/b1c21235-6f9b-4bf3-982d-5d303f127a47_preview.mp4","videoUrl":"https://test1.deepsoft-tech.com:8443/api/uploadedFiles/b1c21235-6f9b-4bf3-982d-5d303f127a47.mp4"}
{"_id":{"$oid":"6306264343a2accb0414c173"},"userName":"TestUser","createTime":"创建于2022年08月24日\n21时23分15秒\n时长：79 秒","previewUrl":"https://test1.deepsoft-tech.com:8443/api/uploadedFiles/e7a3a31c-8772-4b75-ac73-16abc7091714_preview.mp4","videoUrl":"https://test1.deepsoft-tech.com:8443/api/uploadedFiles/e7a3a31c-8772-4b75-ac73-16abc7091714.mp4"}
{"_id":{"$oid":"6307098c020aadfb7e7ab5fb"},"userName":"TestUser","createTime":"创建于2022年08月25日\n13时33分00秒\n时长： 秒","previewUrl":"https://test1.deepsoft-tech.com:8443/api/uploadedFiles/b9c67ef7-2829-4a64-b2a8-0fd825a7b5a4_preview.mp4","videoUrl":"https://test1.deepsoft-tech.com:8443/api/uploadedFiles/b9c67ef7-2829-4a64-b2a8-0fd825a7b5a4.mp4"}
{"_id":{"$oid":"63070e2843a2accb0414c174"},"userName":"TestUser","createTime":"创建于2022年08月25日\n13时52分40秒\n时长： 秒","previewUrl":"https://test1.deepsoft-tech.com:8443/api/uploadedFiles/4b3fedb9-4e2a-4b92-a9c1-3241f342ae4a_preview.mp4","videoUrl":"https://test1.deepsoft-tech.com:8443/api/uploadedFiles/4b3fedb9-4e2a-4b92-a9c1-3241f342ae4a.mp4"}
{"_id":{"$oid":"630713e52b31949b05be1600"},"userName":"TestUser","createTime":"创建于2022年08月25日\n14时17分09秒\n时长：30 秒","previewUrl":"https://test1.deepsoft-tech.com:8443/api/uploadedFiles/5e588712-97d6-4519-b983-f6b69bd0f09c_preview.mp4","videoUrl":"https://test1.deepsoft-tech.com:8443/api/uploadedFiles/5e588712-97d6-4519-b983-f6b69bd0f09c.mp4"}
{"_id":{"$oid":"630716ac43a2accb0414c175"},"userName":"TestUser","createTime":"创建于2022年08月25日\n14时29分00秒\n时长：16 秒","previewUrl":"https://test1.deepsoft-tech.com:8443/api/uploadedFiles/af509c52-e4ce-4c0b-b25f-edcddf14de9a_preview.mp4","videoUrl":"https://test1.deepsoft-tech.com:8443/api/uploadedFiles/af509c52-e4ce-4c0b-b25f-edcddf14de9a.mp4"}
{"_id":{"$oid":"630c27de43a2accb0414c176"},"userName":"TestUser","createTime":"创建于2022年08月29日\n10时43分42秒\n时长：8 秒","previewUrl":"https://test1.deepsoft-tech.com:8443/api/uploadedFiles/1f2c9614-f4a1-485e-a327-8da66b0d832d_preview.mp4","videoUrl":"https://test1.deepsoft-tech.com:8443/api/uploadedFiles/1f2c9614-f4a1-485e-a327-8da66b0d832d.mp4"}
{"_id":{"$oid":"630ee30af1c446432ae4377c"},"userName":"TestUser","createTime":"创建于2022年08月31日\n12时26分50秒\n时长：79 秒","previewUrl":"https://test1.deepsoft-tech.com:8443/api/uploadedFiles/49354945-ff26-47f1-b35b-a21a663a9fbb_preview.mp4","videoUrl":"https://test1.deepsoft-tech.com:8443/api/uploadedFiles/49354945-ff26-47f1-b35b-a21a663a9fbb.mp4"}
{"_id":{"$oid":"630ef8f173abc6385cce3e11"},"userName":"TestUser","createTime":"创建于2022年08月31日\n14时00分17秒\n时长：64 秒","previewUrl":"https://test1.deepsoft-tech.com:8443/api/uploadedFiles/55f7f826-0682-4a91-9326-91707913069b_preview.mp4","videoUrl":"https://test1.deepsoft-tech.com:8443/api/uploadedFiles/55f7f826-0682-4a91-9326-91707913069b.mp4"}
{"_id":{"$oid":"630ef91bf263ff284ec7c596"},"userName":"TestUser","createTime":"创建于2022年08月31日\n14时00分59秒\n时长：25 秒","previewUrl":"https://test1.deepsoft-tech.com:8443/api/uploadedFiles/d4009273-6e07-4f0e-bdde-813b8a8abeaf_preview.mp4","videoUrl":"https://test1.deepsoft-tech.com:8443/api/uploadedFiles/d4009273-6e07-4f0e-bdde-813b8a8abeaf.mp4"}
{"_id":{"$oid":"630efa42f1c446432ae4377d"},"userName":"TestUser","createTime":"创建于2022年08月31日\n14时05分54秒\n时长：25 秒","previewUrl":"https://test1.deepsoft-tech.com:8443/api/uploadedFiles/cac4de51-df08-498e-ae45-11b0176bef62_preview.mp4","videoUrl":"https://test1.deepsoft-tech.com:8443/api/uploadedFiles/cac4de51-df08-498e-ae45-11b0176bef62.mp4"}
{"_id":{"$oid":"630f04c5f908b2f900c3240e"},"userName":"TestUser","createTime":"创建于2022年08月31日\n14时50分45秒\n时长：20 秒","previewUrl":"https://test1.deepsoft-tech.com:8443/api/uploadedFiles/1651004f-e05d-449c-beef-b6934a2485f2_preview.mp4","videoUrl":"https://test1.deepsoft-tech.com:8443/api/uploadedFiles/1651004f-e05d-449c-beef-b6934a2485f2.mp4"}
{"_id":{"$oid":"63103c1d44e76adba6733d9b"},"userName":"TestUser","createTime":"创建于2022年09月01日\n12时59分09秒\n时长：218 秒","previewUrl":"https://test1.deepsoft-tech.com:8443/api/uploadedFiles/37adba62-eccd-46e7-9a48-0aff60201872_preview.mp4","videoUrl":"https://test1.deepsoft-tech.com:8443/api/uploadedFiles/37adba62-eccd-46e7-9a48-0aff60201872.mp4"}
{"_id":{"$oid":"63105f3f73abc6385cce3e13"},"userName":"TestUser","createTime":"创建于2022年09月01日\n15时29分03秒\n时长：8 秒","previewUrl":"https://test1.deepsoft-tech.com:8443/api/uploadedFiles/21299e86-99af-42dd-b957-8bb02747b9ff_preview.mp4","videoUrl":"https://test1.deepsoft-tech.com:8443/api/uploadedFiles/21299e86-99af-42dd-b957-8bb02747b9ff.mp4"}
{"_id":{"$oid":"63129b5bf1c446432ae4377f"},"userName":"TestUser","createTime":"创建于2022年09月03日\n08时10分03秒\n时长：93 秒","previewUrl":"https://test1.deepsoft-tech.com:8443/api/uploadedFiles/608c5dc1-7992-46ff-8055-7cfa469cdc5b_preview.mp4","videoUrl":"https://test1.deepsoft-tech.com:8443/api/uploadedFiles/608c5dc1-7992-46ff-8055-7cfa469cdc5b.mp4"}
{"_id":{"$oid":"6312aa20688a0f0e80baa1a2"},"userName":"TestUser","createTime":"创建于2022年09月03日\n09时13分04秒\n时长：63 秒","previewUrl":"https://test1.deepsoft-tech.com:8443/api/uploadedFiles/be92f70d-cb48-451a-aad9-92ea066d724e_preview.mp4","videoUrl":"https://test1.deepsoft-tech.com:8443/api/uploadedFiles/be92f70d-cb48-451a-aad9-92ea066d724e.mp4"}
{"_id":{"$oid":"6316e7e2f1c446432ae43782"},"userName":"TestUser","createTime":"创建于2022年09月06日\n14时25分38秒\n时长：22 秒","previewUrl":"https://test1.deepsoft-tech.com:8443/api/uploadedFiles/988b5df5-1e4f-4e57-9a0a-62cfde28baf6_preview.mp4","videoUrl":"https://test1.deepsoft-tech.com:8443/api/uploadedFiles/988b5df5-1e4f-4e57-9a0a-62cfde28baf6.mp4"}
{"_id":{"$oid":"6316eb5044e76adba6733d9c"},"userName":"TestUser","createTime":"创建于2022年09月06日\n14时40分16秒\n时长：22 秒","previewUrl":"https://test1.deepsoft-tech.com:8443/api/uploadedFiles/0319c5b5-10d0-4758-9f83-3413119fe24f_preview.mp4","videoUrl":"https://test1.deepsoft-tech.com:8443/api/uploadedFiles/0319c5b5-10d0-4758-9f83-3413119fe24f.mp4"}
{"_id":{"$oid":"6316f17373abc6385cce3e14"},"userName":"TestUser","createTime":"创建于2022年09月06日\n15时06分27秒\n时长：20 秒","previewUrl":"https://test1.deepsoft-tech.com:8443/api/uploadedFiles/c5d2f2b2-0da7-4841-9b6e-be5c6cbd09a9_preview.mp4","videoUrl":"https://test1.deepsoft-tech.com:8443/api/uploadedFiles/c5d2f2b2-0da7-4841-9b6e-be5c6cbd09a9.mp4"}
{"_id":{"$oid":"6317ea4df1c446432ae43783"},"userName":"TestUser","createTime":"创建于2022年09月07日\n08时48分13秒\n时长：17 秒","previewUrl":"https://test1.deepsoft-tech.com:8443/api/uploadedFiles/58da6d4c-9667-44b6-851a-f24c035ff895_preview.mp4","videoUrl":"https://test1.deepsoft-tech.com:8443/api/uploadedFiles/58da6d4c-9667-44b6-851a-f24c035ff895.mp4"}
{"_id":{"$oid":"6317ebacf1c446432ae43784"},"userName":"TestUser","createTime":"创建于2022年09月07日\n08时54分04秒\n时长：28 秒","previewUrl":"https://test1.deepsoft-tech.com:8443/api/uploadedFiles/92760509-9e35-495c-9631-55ad33f0af2e_preview.mp4","videoUrl":"https://test1.deepsoft-tech.com:8443/api/uploadedFiles/92760509-9e35-495c-9631-55ad33f0af2e.mp4"}
{"_id":{"$oid":"6317ed0239782308c99b02f3"},"userName":"TestUser","createTime":"创建于2022年09月07日\n08时59分46秒\n时长：33 秒","previewUrl":"https://test1.deepsoft-tech.com:8443/api/uploadedFiles/ea3b3d8d-0ecf-4359-b624-f641396f6684_preview.mp4","videoUrl":"https://test1.deepsoft-tech.com:8443/api/uploadedFiles/ea3b3d8d-0ecf-4359-b624-f641396f6684.mp4"}
{"_id":{"$oid":"6317eddf73abc6385cce3e15"},"userName":"TestUser","createTime":"创建于2022年09月07日\n09时03分27秒\n时长：25 秒","previewUrl":"https://test1.deepsoft-tech.com:8443/api/uploadedFiles/15c01870-7b8c-49be-b412-6753331661fd_preview.mp4","videoUrl":"https://test1.deepsoft-tech.com:8443/api/uploadedFiles/15c01870-7b8c-49be-b412-6753331661fd.mp4"}
{"_id":{"$oid":"6317ef5c73abc6385cce3e16"},"userName":"TestUser","createTime":"创建于2022年09月07日\n09时09分48秒\n时长：33 秒","previewUrl":"https://test1.deepsoft-tech.com:8443/api/uploadedFiles/957a8db3-25eb-4cd4-bd1e-b08b7bc54f6d_preview.mp4","videoUrl":"https://test1.deepsoft-tech.com:8443/api/uploadedFiles/957a8db3-25eb-4cd4-bd1e-b08b7bc54f6d.mp4"}
{"_id":{"$oid":"631c8992f1c446432ae43785"},"userName":"TestUser","createTime":"创建于2022年09月10日\n20时56分50秒\n时长：80 秒","previewUrl":"https://test1.deepsoft-tech.com:8443/api/uploadedFiles/2ea684bf-5f25-42dd-aaa5-5cb65988e7fd_preview.mp4","videoUrl":"https://test1.deepsoft-tech.com:8443/api/uploadedFiles/2ea684bf-5f25-42dd-aaa5-5cb65988e7fd.mp4"}
{"_id":{"$oid":"631c89f6a4e5bd46cbf4e447"},"userName":"TestUser","createTime":"创建于2022年09月10日\n20时58分30秒\n时长：80 秒","previewUrl":"https://test1.deepsoft-tech.com:8443/api/uploadedFiles/c3d5b8ad-babe-47ea-a18f-80025e535853_preview.mp4","videoUrl":"https://test1.deepsoft-tech.com:8443/api/uploadedFiles/c3d5b8ad-babe-47ea-a18f-80025e535853_2ea684bf-5f25-42dd-aaa5-5cb65988e7fd.mp4"}
{"_id":{"$oid":"631d495ef1c446432ae43786"},"userName":"TestUser","createTime":"创建于2022年09月11日\n10时35分10秒\n时长：34 秒","previewUrl":"https://test1.deepsoft-tech.com:8443/api/uploadedFiles/d469cc4f-a81d-474e-b8a5-417a2523b21c_preview.mp4","videoUrl":"https://test1.deepsoft-tech.com:8443/api/uploadedFiles/d469cc4f-a81d-474e-b8a5-417a2523b21c.mp4"}
{"_id":{"$oid":"63212782f1c446432ae43787"},"userName":"TestUser","createTime":"创建于2022年09月14日\n08时59分46秒\n时长：37 秒","previewUrl":"https://test1.deepsoft-tech.com:8443/api/uploadedFiles/34a30d5d-fd4c-43d8-b4ab-41e764053443_preview.mp4","videoUrl":"https://test1.deepsoft-tech.com:8443/api/uploadedFiles/34a30d5d-fd4c-43d8-b4ab-41e764053443.mp4"}
{"_id":{"$oid":"63212a4773abc6385cce3e18"},"userName":"TestUser","createTime":"创建于2022年09月14日\n09时11分35秒\n时长：38 秒","previewUrl":"https://test1.deepsoft-tech.com:8443/api/uploadedFiles/316f2061-d404-40a5-8bae-b23151546091_preview.mp4","videoUrl":"https://test1.deepsoft-tech.com:8443/api/uploadedFiles/316f2061-d404-40a5-8bae-b23151546091.mp4"}
{"_id":{"$oid":"63212e24f1c446432ae43788"},"userName":"TestUser","createTime":"创建于2022年09月14日\n09时28分04秒\n时长：103 秒","previewUrl":"https://test1.deepsoft-tech.com:8443/api/uploadedFiles/cd003c54-4962-4ee8-ac0e-2c6b6fdd6554_preview.mp4","videoUrl":"https://test1.deepsoft-tech.com:8443/api/uploadedFiles/cd003c54-4962-4ee8-ac0e-2c6b6fdd6554.mp4"}
{"_id":{"$oid":"6321313cf1c446432ae43789"},"userName":"TestUser","createTime":"创建于2022年09月14日\n09时41分16秒\n时长：128 秒","previewUrl":"https://test1.deepsoft-tech.com:8443/api/uploadedFiles/c863e0dc-b406-4699-bceb-7e98dc1e2468_preview.mp4","videoUrl":"https://test1.deepsoft-tech.com:8443/api/uploadedFiles/c863e0dc-b406-4699-bceb-7e98dc1e2468.mp4"}
{"_id":{"$oid":"632133ebf1c446432ae4378a"},"userName":"TestUser","createTime":"创建于2022年09月14日\n09时52分43秒\n时长：23 秒","previewUrl":"https://test1.deepsoft-tech.com:8443/api/uploadedFiles/3b5d3316-bd93-4642-af3b-b4ec01a432d7_preview.mp4","videoUrl":"https://test1.deepsoft-tech.com:8443/api/uploadedFiles/3b5d3316-bd93-4642-af3b-b4ec01a432d7.mp4"}
{"_id":{"$oid":"6321389bf1c446432ae4378b"},"userName":"TestUser","createTime":"创建于2022年09月14日\n10时12分43秒\n时长：53 秒","previewUrl":"https://test1.deepsoft-tech.com:8443/api/uploadedFiles/c2397e1a-38ce-4542-8e73-ec03a39a4bf6_preview.mp4","videoUrl":"https://test1.deepsoft-tech.com:8443/api/uploadedFiles/c2397e1a-38ce-4542-8e73-ec03a39a4bf6.mp4"}
{"_id":{"$oid":"63213a29a4e5bd46cbf4e448"},"userName":"TestUser","createTime":"创建于2022年09月14日\n10时19分21秒\n时长：51 秒","previewUrl":"https://test1.deepsoft-tech.com:8443/api/uploadedFiles/57c7fb35-d700-4d3d-aae5-ceff99147a53_preview.mp4","videoUrl":"https://test1.deepsoft-tech.com:8443/api/uploadedFiles/57c7fb35-d700-4d3d-aae5-ceff99147a53.mp4"}
{"_id":{"$oid":"63217259718a43e08e95109b"},"userName":"TestUser","createTime":"创建于2022年09月14日\n14时19分05秒\n时长：17 秒","previewUrl":"https://test1.deepsoft-tech.com:8443/api/uploadedFiles/329d9147-968f-46ae-876b-47274415747a_preview.mp4","videoUrl":"https://test1.deepsoft-tech.com:8443/api/uploadedFiles/329d9147-968f-46ae-876b-47274415747a.mp4"}
{"_id":{"$oid":"6321779373abc6385cce3e19"},"userName":"TestUser","createTime":"创建于2022年09月14日\n14时41分23秒\n时长：37 秒","previewUrl":"https://test1.deepsoft-tech.com:8443/api/uploadedFiles/5e074212-0be4-4068-ae1d-cba39fa58536_preview.mp4","videoUrl":"https://test1.deepsoft-tech.com:8443/api/uploadedFiles/5e074212-0be4-4068-ae1d-cba39fa58536.mp4"}
{"_id":{"$oid":"6321798e39782308c99b02f5"},"userName":"TestUser","createTime":"创建于2022年09月14日\n14时49分50秒\n时长：35 秒","previewUrl":"https://test1.deepsoft-tech.com:8443/api/uploadedFiles/60db701f-4416-4006-ab47-8e279511bc88_preview.mp4","videoUrl":"https://test1.deepsoft-tech.com:8443/api/uploadedFiles/60db701f-4416-4006-ab47-8e279511bc88.mp4"}
{"_id":{"$oid":"63217b3ca4e5bd46cbf4e449"},"userName":"TestUser","createTime":"创建于2022年09月14日\n14时57分00秒\n时长：50 秒","previewUrl":"https://test1.deepsoft-tech.com:8443/api/uploadedFiles/4bfc13eb-f762-42a4-b91a-3e3c76446e32_preview.mp4","videoUrl":"https://test1.deepsoft-tech.com:8443/api/uploadedFiles/4bfc13eb-f762-42a4-b91a-3e3c76446e32.mp4"}
{"_id":{"$oid":"63217e2e44e76adba6733d9d"},"userName":"TestUser","createTime":"创建于2022年09月14日\n15时09分34秒\n时长：66 秒","previewUrl":"https://test1.deepsoft-tech.com:8443/api/uploadedFiles/8343a9d9-1685-4927-b077-e56c30c73d2d_preview.mp4","videoUrl":"https://test1.deepsoft-tech.com:8443/api/uploadedFiles/8343a9d9-1685-4927-b077-e56c30c73d2d.mp4"}
{"_id":{"$oid":"63243e9354ce45e686d603fb"},"userName":"TestUser","createTime":"创建于2022年09月16日\n17时14分59秒\n时长：188 秒","previewUrl":"https://test1.deepsoft-tech.com:8443/api/uploadedFiles/072ee03b-5041-43fc-98ff-f5bf0fd4a4de_preview.mp4","videoUrl":"https://test1.deepsoft-tech.com:8443/api/uploadedFiles/072ee03b-5041-43fc-98ff-f5bf0fd4a4de.mp4"}
{"_id":{"$oid":"6325af1becfc627e31e11caa"},"userName":"TestUser","createTime":"创建于2022年09月17日\n19时27分23秒\n时长： 秒","previewUrl":"https://test1.deepsoft-tech.com:8443/api/uploadedFiles/635581dd-68df-4951-93fd-de7c785b8b30_preview.mp4","videoUrl":"https://test1.deepsoft-tech.com:8443/api/uploadedFiles/635581dd-68df-4951-93fd-de7c785b8b30.mp4"}
{"_id":{"$oid":"63266682dda0cc6f53bec179"},"userName":"TestUser","createTime":"创建于2022年09月18日\n08时29分54秒\n时长：58 秒","previewUrl":"https://test1.deepsoft-tech.com:8443/api/uploadedFiles/482f35a3-8096-403a-885f-534170b19d1f_preview.mp4","videoUrl":"https://test1.deepsoft-tech.com:8443/api/uploadedFiles/482f35a3-8096-403a-885f-534170b19d1f.mp4"}
{"_id":{"$oid":"63266c9190e50f4fd3f1a0ac"},"userName":"TestUser","createTime":"创建于2022年09月18日\n08时55分45秒\n时长：70 秒","previewUrl":"https://test1.deepsoft-tech.com:8443/api/uploadedFiles/7db2805a-7d41-4fd4-a85b-e4b59af3deec_preview.mp4","videoUrl":"https://test1.deepsoft-tech.com:8443/api/uploadedFiles/7db2805a-7d41-4fd4-a85b-e4b59af3deec.mp4"}
{"_id":{"$oid":"63267007ecfc627e31e11cab"},"userName":"TestUser","createTime":"创建于2022年09月18日\n09时10分31秒\n时长：71 秒","previewUrl":"https://test1.deepsoft-tech.com:8443/api/uploadedFiles/fe9c2d92-89d8-4162-b048-b12bd1dd844c_preview.mp4","videoUrl":"https://test1.deepsoft-tech.com:8443/api/uploadedFiles/fe9c2d92-89d8-4162-b048-b12bd1dd844c.mp4"}
{"_id":{"$oid":"63267187ecfc627e31e11cac"},"userName":"TestUser","createTime":"创建于2022年09月18日\n09时16分55秒\n时长：44 秒","previewUrl":"https://test1.deepsoft-tech.com:8443/api/uploadedFiles/254e3dd1-7d3d-4ba3-8f1e-c984469c6fb4_preview.mp4","videoUrl":"https://test1.deepsoft-tech.com:8443/api/uploadedFiles/254e3dd1-7d3d-4ba3-8f1e-c984469c6fb4.mp4"}
{"_id":{"$oid":"6327fcbadda0cc6f53bec17a"},"userName":"TestUser","createTime":"创建于2022年09月19日\n13时23分06秒\n时长：18 秒","previewUrl":"https://test1.deepsoft-tech.com:8443/api/uploadedFiles/7f2fd874-d195-4267-b9ac-886e41ebc9df_preview.mp4","videoUrl":"https://test1.deepsoft-tech.com:8443/api/uploadedFiles/7f2fd874-d195-4267-b9ac-886e41ebc9df.mp4"}
{"_id":{"$oid":"63280895dda0cc6f53bec17b"},"userName":"TestUser","createTime":"创建于2022年09月19日\n14时13分41秒\n时长：40 秒","previewUrl":"https://test1.deepsoft-tech.com:8443/api/uploadedFiles/35bc62c6-1e01-4af4-b701-6e3406e88c0f_preview.mp4","videoUrl":"https://test1.deepsoft-tech.com:8443/api/uploadedFiles/35bc62c6-1e01-4af4-b701-6e3406e88c0f.mp4"}
{"_id":{"$oid":"63281090ecfc627e31e11cad"},"userName":"TestUser","createTime":"创建于2022年09月19日\n14时47分44秒\n时长：11 秒","previewUrl":"https://test1.deepsoft-tech.com:8443/api/uploadedFiles/80eccb39-c324-4a60-86da-309158533ecc_preview.mp4","videoUrl":"https://test1.deepsoft-tech.com:8443/api/uploadedFiles/80eccb39-c324-4a60-86da-309158533ecc.mp4"}
{"_id":{"$oid":"63281140ecfc627e31e11cae"},"userName":"TestUser","createTime":"创建于2022年09月19日\n14时50分40秒\n时长：22 秒","previewUrl":"https://test1.deepsoft-tech.com:8443/api/uploadedFiles/cab1bc71-a1db-4f85-be9b-b77065759f1f_preview.mp4","videoUrl":"https://test1.deepsoft-tech.com:8443/api/uploadedFiles/cab1bc71-a1db-4f85-be9b-b77065759f1f.mp4"}
{"_id":{"$oid":"6328120becfc627e31e11caf"},"userName":"TestUser","createTime":"创建于2022年09月19日\n14时54分03秒\n时长：17 秒","previewUrl":"https://test1.deepsoft-tech.com:8443/api/uploadedFiles/5f2bdc7e-33fa-4e08-a955-a96e12185f07_preview.mp4","videoUrl":"https://test1.deepsoft-tech.com:8443/api/uploadedFiles/5f2bdc7e-33fa-4e08-a955-a96e12185f07.mp4"}
{"_id":{"$oid":"632813190b276fc5f732d8d2"},"userName":"TestUser","createTime":"创建于2022年09月19日\n14时58分33秒\n时长：19 秒","previewUrl":"https://test1.deepsoft-tech.com:8443/api/uploadedFiles/d9d90374-7d6a-440e-bfcb-f907a682dfb5_preview.mp4","videoUrl":"https://test1.deepsoft-tech.com:8443/api/uploadedFiles/d9d90374-7d6a-440e-bfcb-f907a682dfb5.mp4"}
{"_id":{"$oid":"632828cfdda0cc6f53bec17d"},"userName":"TestUser","createTime":"创建于2022年09月19日\n16时31分11秒\n时长：7 秒","previewUrl":"https://test1.deepsoft-tech.com:8443/api/uploadedFiles/2cc95395-d7e2-4c8f-97ec-a791cd0025f6_preview.mp4","videoUrl":"https://test1.deepsoft-tech.com:8443/api/uploadedFiles/2cc95395-d7e2-4c8f-97ec-a791cd0025f6.mp4"}
{"_id":{"$oid":"63285ff6df0dadb819dde094"},"userName":"TestUser","createTime":"创建于2022年09月19日\n20时26分30秒\n时长：48 秒","previewUrl":"https://test1.deepsoft-tech.com:8443/api/uploadedFiles/c5f97a45-898a-4937-9bba-c8644ce564fb_preview.mp4","videoUrl":"https://test1.deepsoft-tech.com:8443/api/uploadedFiles/c5f97a45-898a-4937-9bba-c8644ce564fb.mp4"}
{"_id":{"$oid":"63286206ecfc627e31e11cb1"},"userName":"TestUser","createTime":"创建于2022年09月19日\n20时35分18秒\n时长：63 秒","previewUrl":"https://test1.deepsoft-tech.com:8443/api/uploadedFiles/27af0a5c-3e03-43b8-9cf4-57bb2a0166c7_preview.mp4","videoUrl":"https://test1.deepsoft-tech.com:8443/api/uploadedFiles/27af0a5c-3e03-43b8-9cf4-57bb2a0166c7.mp4"}
{"_id":{"$oid":"632862feb9cda8f071728f6b"},"userName":"TestUser","createTime":"创建于2022年09月19日\n20时39分26秒\n时长：33 秒","previewUrl":"https://test1.deepsoft-tech.com:8443/api/uploadedFiles/d49a5ab2-66ce-4269-a0d7-e9bde50efedb_preview.mp4","videoUrl":"https://test1.deepsoft-tech.com:8443/api/uploadedFiles/d49a5ab2-66ce-4269-a0d7-e9bde50efedb.mp4"}
{"_id":{"$oid":"632864af0b276fc5f732d8d3"},"userName":"TestUser","createTime":"创建于2022年09月19日\n20时46分39秒\n时长：17 秒","previewUrl":"https://test1.deepsoft-tech.com:8443/api/uploadedFiles/f82ac1ca-1463-497b-b618-7a25a196abaf_preview.mp4","videoUrl":"https://test1.deepsoft-tech.com:8443/api/uploadedFiles/f82ac1ca-1463-497b-b618-7a25a196abaf.mp4"}
{"_id":{"$oid":"63286565e40ac5750b4de80c"},"userName":"TestUser","createTime":"创建于2022年09月19日\n20时49分41秒\n时长：18 秒","previewUrl":"https://test1.deepsoft-tech.com:8443/api/uploadedFiles/9039c80b-e3ff-4cd9-b77b-c8221a72e1d9_preview.mp4","videoUrl":"https://test1.deepsoft-tech.com:8443/api/uploadedFiles/9039c80b-e3ff-4cd9-b77b-c8221a72e1d9.mp4"}
{"_id":{"$oid":"63298002dda0cc6f53bec180"},"userName":"TestUser","createTime":"创建于2022年09月20日\n16时55分30秒\n时长：31 秒","previewUrl":"https://test1.deepsoft-tech.com:8443/api/uploadedFiles/cddc8653-d95c-44a4-b872-b11e530388f7_preview.mp4","videoUrl":"https://test1.deepsoft-tech.com:8443/api/uploadedFiles/cddc8653-d95c-44a4-b872-b11e530388f7.mp4"}
{"_id":{"$oid":"6329af630b276fc5f732d8d4"},"userName":"TestUser","createTime":"创建于2022年09月20日\n20时17分39秒\n时长：47 秒","previewUrl":"https://test1.deepsoft-tech.com:8443/api/uploadedFiles/c6c5c177-cc33-4266-82f8-8c3180f2d94d_preview.mp4","videoUrl":"https://test1.deepsoft-tech.com:8443/api/uploadedFiles/c6c5c177-cc33-4266-82f8-8c3180f2d94d.mp4"}
{"_id":{"$oid":"6329b14cdda0cc6f53bec181"},"userName":"TestUser","createTime":"创建于2022年09月20日\n20时25分48秒\n时长：48 秒","previewUrl":"https://test1.deepsoft-tech.com:8443/api/uploadedFiles/9625405d-f59a-45fe-a500-a5072cc356c6_preview.mp4","videoUrl":"https://test1.deepsoft-tech.com:8443/api/uploadedFiles/9625405d-f59a-45fe-a500-a5072cc356c6.mp4"}
{"_id":{"$oid":"6329b7ff0b276fc5f732d8d5"},"userName":"TestUser","createTime":"创建于2022年09月20日\n20时54分23秒\n时长：40 秒","previewUrl":"https://test1.deepsoft-tech.com:8443/api/uploadedFiles/8140997e-cec1-4c58-9cd9-e2683ebe2880_preview.mp4","videoUrl":"https://test1.deepsoft-tech.com:8443/api/uploadedFiles/8140997e-cec1-4c58-9cd9-e2683ebe2880.mp4"}
{"_id":{"$oid":"6329b8c5ecfc627e31e11cb2"},"userName":"TestUser","createTime":"创建于2022年09月20日\n20时57分41秒\n时长：25 秒","previewUrl":"https://test1.deepsoft-tech.com:8443/api/uploadedFiles/caf0b7f6-de2e-485e-9e47-9e6b7d81ad62_preview.mp4","videoUrl":"https://test1.deepsoft-tech.com:8443/api/uploadedFiles/caf0b7f6-de2e-485e-9e47-9e6b7d81ad62.mp4"}
{"_id":{"$oid":"632c4096dda0cc6f53bec185"},"userName":"TestUser","createTime":"创建于2022年09月22日\n19时01分42秒\n时长：39 秒","previewUrl":"https://test1.deepsoft-tech.com:8443/api/uploadedFiles/00133dbd-7c72-4147-9141-bf0599dc7165_preview.mp4","videoUrl":"https://test1.deepsoft-tech.com:8443/api/uploadedFiles/00133dbd-7c72-4147-9141-bf0599dc7165.mp4"}
{"_id":{"$oid":"632c4c0fb9cda8f071728f6d"},"userName":"TestUser","createTime":"创建于2022年09月22日\n19时50分39秒\n时长：41 秒","previewUrl":"https://test1.deepsoft-tech.com:8443/api/uploadedFiles/e5b832a4-0439-4810-a4d2-2d6b5e1d99a6_preview.mp4","videoUrl":"https://test1.deepsoft-tech.com:8443/api/uploadedFiles/e5b832a4-0439-4810-a4d2-2d6b5e1d99a6.mp4"}
{"_id":{"$oid":"632c5f1fa89813b55db2f147"},"userName":"TestUser","createTime":"创建于2022年09月22日\n21时11分59秒\n时长：15 秒","previewUrl":"https://test1.deepsoft-tech.com:8443/api/uploadedFiles/00215cdf-41dd-462b-9fcd-8d0133511e51_preview.mp4","videoUrl":"https://test1.deepsoft-tech.com:8443/api/uploadedFiles/00215cdf-41dd-462b-9fcd-8d0133511e51.mp4"}
{"_id":{"$oid":"632c60aa4017159f5b0f6dc4"},"userName":"TestUser","createTime":"创建于2022年09月22日\n21时18分34秒\n时长：25 秒","previewUrl":"https://test1.deepsoft-tech.com:8443/api/uploadedFiles/e9becbe8-bcbb-4087-a267-4a599a385fcc_preview.mp4","videoUrl":"https://test1.deepsoft-tech.com:8443/api/uploadedFiles/e9becbe8-bcbb-4087-a267-4a599a385fcc.mp4"}
{"_id":{"$oid":"632c624e01ae45da41e5bfac"},"userName":"TestUser","createTime":"创建于2022年09月22日\n21时25分34秒\n时长：89 秒","previewUrl":"https://test1.deepsoft-tech.com:8443/api/uploadedFiles/4929a0e8-9eda-4f4f-bf2e-05bcbf1c3b57_preview.mp4","videoUrl":"https://test1.deepsoft-tech.com:8443/api/uploadedFiles/4929a0e8-9eda-4f4f-bf2e-05bcbf1c3b57.mp4"}
{"_id":{"$oid":"632c62ea242554437e08cb19"},"userName":"TestUser","createTime":"创建于2022年09月22日\n21时28分10秒\n时长：17 秒","previewUrl":"https://test1.deepsoft-tech.com:8443/api/uploadedFiles/eb12633e-8189-4f54-92cd-a2ebf0a1fce0_preview.mp4","videoUrl":"https://test1.deepsoft-tech.com:8443/api/uploadedFiles/eb12633e-8189-4f54-92cd-a2ebf0a1fce0.mp4"}
{"_id":{"$oid":"632c643053a0785d2b17e92d"},"userName":"TestUser","createTime":"创建于2022年09月22日\n21时33分36秒\n时长：37 秒","previewUrl":"https://test1.deepsoft-tech.com:8443/api/uploadedFiles/445428b8-4d9b-4b9c-a791-d17e0cc10f2f_preview.mp4","videoUrl":"https://test1.deepsoft-tech.com:8443/api/uploadedFiles/445428b8-4d9b-4b9c-a791-d17e0cc10f2f.mp4"}
{"_id":{"$oid":"6332f33be7c46957c50940fe"},"userName":"TestUser","createTime":"创建于2022年09月27日\n20时57分31秒\n时长：34 秒","previewUrl":"https://test1.deepsoft-tech.com:8443/api/uploadedFiles/13ce02a5-ec95-4f52-ba5f-b80628a3d31a_preview.mp4","videoUrl":"https://test1.deepsoft-tech.com:8443/api/uploadedFiles/13ce02a5-ec95-4f52-ba5f-b80628a3d31a.mp4"}
{"_id":{"$oid":"6332f55c2dbf9e4f44b69c48"},"userName":"TestUser","createTime":"创建于2022年09月27日\n21时06分36秒\n时长：11 秒","previewUrl":"https://test1.deepsoft-tech.com:8443/api/uploadedFiles/005052de-0944-4b83-86cc-fc360d618f35_preview.mp4","videoUrl":"https://test1.deepsoft-tech.com:8443/api/uploadedFiles/005052de-0944-4b83-86cc-fc360d618f35.mp4"}
{"_id":{"$oid":"633d44bb052033a8305cd600"},"userName":"TestUser","createTime":"创建于2022年10月05日\n16时47分55秒\n时长：33 秒","previewUrl":"https://test1.deepsoft-tech.com:8443/api/uploadedFiles/160f4740-e820-4a4e-a009-eba0d5d3f23c_preview.mp4","videoUrl":"https://test1.deepsoft-tech.com:8443/api/uploadedFiles/160f4740-e820-4a4e-a009-eba0d5d3f23c.mp4"}
{"_id":{"$oid":"63415713744b0c0fc2e1c6a3"},"userName":"TestUser","createTime":"创建于2022年10月08日\n18时55分15秒\n时长：26 秒","previewUrl":"https://test1.deepsoft-tech.com:8443/api/uploadedFiles/ca23a256-5eed-4236-9989-dd727d52b6cd_preview.mp4","videoUrl":"https://test1.deepsoft-tech.com:8443/api/uploadedFiles/ca23a256-5eed-4236-9989-dd727d52b6cd.mp4"}
{"_id":{"$oid":"63415a2f052033a8305cd602"},"userName":"TestUser","createTime":"创建于2022年10月08日\n19时08分31秒\n时长：15 秒","previewUrl":"https://test1.deepsoft-tech.com:8443/api/uploadedFiles/cf91c5dc-fe8e-4f32-968c-a13972a406a3_preview.mp4","videoUrl":"https://test1.deepsoft-tech.com:8443/api/uploadedFiles/cf91c5dc-fe8e-4f32-968c-a13972a406a3.mp4"}
{"_id":{"$oid":"63465c3a81170ae07ec27679"},"userName":"TestUser","createTime":"创建于2022年10月12日\n14时18分34秒\n时长：64 秒","previewUrl":"https://test1.deepsoft-tech.com:8443/api/uploadedFiles/f155a9a4-f6d5-4f4e-ad28-68d5baece994_preview.mp4","videoUrl":"https://test1.deepsoft-tech.com:8443/api/uploadedFiles/f155a9a4-f6d5-4f4e-ad28-68d5baece994.mp4"}
{"_id":{"$oid":"63465f038e6d8757ae047307"},"userName":"TestUser","createTime":"创建于2022年10月12日\n14时30分27秒\n时长：64 秒","previewUrl":"https://test1.deepsoft-tech.com:8443/api/uploadedFiles/ace6f694-0739-4cda-a6cf-464fbb76b567_preview.mp4","videoUrl":"https://test1.deepsoft-tech.com:8443/api/uploadedFiles/ace6f694-0739-4cda-a6cf-464fbb76b567.mp4"}
{"_id":{"$oid":"6346606f8e6d8757ae047308"},"userName":"TestUser","createTime":"创建于2022年10月12日\n14时36分31秒\n时长：51 秒","previewUrl":"https://test1.deepsoft-tech.com:8443/api/uploadedFiles/118e1360-da7a-4bc2-9165-10db72519c8f_preview.mp4","videoUrl":"https://test1.deepsoft-tech.com:8443/api/uploadedFiles/118e1360-da7a-4bc2-9165-10db72519c8f.mp4"}
{"_id":{"$oid":"6346624b51e0af57f4a98690"},"userName":"TestUser","createTime":"创建于2022年10月12日\n14时44分27秒\n时长：82 秒","previewUrl":"https://test1.deepsoft-tech.com:8443/api/uploadedFiles/580cea38-67e6-4a08-9aac-63b840204ad5_preview.mp4","videoUrl":"https://test1.deepsoft-tech.com:8443/api/uploadedFiles/580cea38-67e6-4a08-9aac-63b840204ad5.mp4"}
{"_id":{"$oid":"634e2e3dc8f91cb12a6fe6e9"},"userName":"TestUser","createTime":"创建于2022年10月18日\n12时40分29秒\n时长：104 秒","previewUrl":"https://test1.deepsoft-tech.com:8443/api/uploadedFiles/76b78ace-e83a-442a-8b3e-9d54a344a2ef_preview.mp4","videoUrl":"https://test1.deepsoft-tech.com:8443/api/uploadedFiles/76b78ace-e83a-442a-8b3e-9d54a344a2ef.mp4"}
{"_id":{"$oid":"634fa133a3b02fc2881d0604"},"userName":"TestUser","createTime":"创建于2022年10月19日\n15时03分15秒\n时长：68 秒","previewUrl":"https://test1.deepsoft-tech.com:8443/api/uploadedFiles/2bc0e29d-a481-4e4e-acf1-a0459ac5d3b9_preview.mp4","videoUrl":"https://test1.deepsoft-tech.com:8443/api/uploadedFiles/2bc0e29d-a481-4e4e-acf1-a0459ac5d3b9.mp4"}
{"_id":{"$oid":"634fcabccaa0fb72310a196e"},"userName":"TestUser","createTime":"创建于2022年10月19日\n18时00分28秒\n时长：76 秒","previewUrl":"https://test1.deepsoft-tech.com:8443/api/uploadedFiles/03791a0d-6cdc-4a0c-8198-0c15e3703e93_preview.mp4","videoUrl":"https://test1.deepsoft-tech.com:8443/api/uploadedFiles/03791a0d-6cdc-4a0c-8198-0c15e3703e93.mp4"}
{"_id":{"$oid":"635097e9cb8da1db2a224dbe"},"userName":"TestUser","createTime":"创建于2022年10月20日\n08时35分53秒\n时长：91 秒","previewUrl":"https://test1.deepsoft-tech.com:8443/api/uploadedFiles/c12f9cd5-5d5b-4b48-9a19-53329ffe852f_preview.mp4","videoUrl":"https://test1.deepsoft-tech.com:8443/api/uploadedFiles/c12f9cd5-5d5b-4b48-9a19-53329ffe852f.mp4"}
{"_id":{"$oid":"6358b84223b354eabe1866ce"},"userName":"TestUser","createTime":"创建于2022年10月26日\n12时32分02秒\n时长：56 秒","previewUrl":"https://test1.deepsoft-tech.com:8443/api/uploadedFiles/7781c80e-d675-47ca-bcc9-4729ae1126a0_preview.mp4","videoUrl":"https://test1.deepsoft-tech.com:8443/api/uploadedFiles/7781c80e-d675-47ca-bcc9-4729ae1126a0.mp4"}
{"_id":{"$oid":"6358c030a3b02fc2881d0608"},"userName":"TestUser","createTime":"创建于2022年10月26日\n13时05分52秒\n时长：45 秒","previewUrl":"https://test1.deepsoft-tech.com:8443/api/uploadedFiles/2429f859-48c7-4666-ac02-dde45289ce86_preview.mp4","videoUrl":"https://test1.deepsoft-tech.com:8443/api/uploadedFiles/2429f859-48c7-4666-ac02-dde45289ce86.mp4"}
{"_id":{"$oid":"6358c58d0eee622dd9ae1833"},"userName":"TestUser","createTime":"创建于2022年10月26日\n13时28分45秒\n时长：67 秒","previewUrl":"https://test1.deepsoft-tech.com:8443/api/uploadedFiles/a620fdac-cb3b-4cd2-9407-172ef96f0b14_preview.mp4","videoUrl":"https://test1.deepsoft-tech.com:8443/api/uploadedFiles/a620fdac-cb3b-4cd2-9407-172ef96f0b14.mp4"}
{"_id":{"$oid":"6358c8d6caa0fb72310a196f"},"userName":"TestUser","createTime":"创建于2022年10月26日\n13时42分46秒\n时长：53 秒","previewUrl":"https://test1.deepsoft-tech.com:8443/api/uploadedFiles/4a64b248-4a7d-4e4c-8ef4-2cf2e9225760_preview.mp4","videoUrl":"https://test1.deepsoft-tech.com:8443/api/uploadedFiles/4a64b248-4a7d-4e4c-8ef4-2cf2e9225760.mp4"}
{"_id":{"$oid":"63590825a3b02fc2881d0609"},"userName":"TestUser","createTime":"创建于2022年10月26日\n18时12分53秒\n时长：23 秒","previewUrl":"https://test1.deepsoft-tech.com:8443/api/uploadedFiles/82e5d230-ce9a-4594-a3aa-5e2ad2880e22_preview.mp4","videoUrl":"https://test1.deepsoft-tech.com:8443/api/uploadedFiles/82e5d230-ce9a-4594-a3aa-5e2ad2880e22.mp4"}
{"_id":{"$oid":"635b543e1ad62b874de1648f"},"userName":"TestUser","createTime":"创建于2022年10月28日\n12时02分06秒\n时长：45 秒","previewUrl":"https://test1.deepsoft-tech.com:8443/api/uploadedFiles/cd288dc3-8602-4bf5-9f2c-31d7c4ab447f_preview.mp4","videoUrl":"https://test1.deepsoft-tech.com:8443/api/uploadedFiles/cd288dc3-8602-4bf5-9f2c-31d7c4ab447f.mp4"}
{"_id":{"$oid":"635b5643c8f91cb12a6fe6ea"},"userName":"TestUser","createTime":"创建于2022年10月28日\n12时10分43秒\n时长：64 秒","previewUrl":"https://test1.deepsoft-tech.com:8443/api/uploadedFiles/ccb77f03-e842-45a5-8e34-f399e73c557f_preview.mp4","videoUrl":"https://test1.deepsoft-tech.com:8443/api/uploadedFiles/ccb77f03-e842-45a5-8e34-f399e73c557f.mp4"}
{"_id":{"$oid":"635bd85b111b1465c3fc8b70"},"userName":"TestUser","createTime":"创建于2022年10月28日\n21时25分47秒\n时长：16 秒","previewUrl":"https://test1.deepsoft-tech.com:8443/api/uploadedFiles/0e22cd7f-8aeb-49c3-a3d1-f495a49a5597_preview.mp4","videoUrl":"https://test1.deepsoft-tech.com:8443/api/uploadedFiles/0e22cd7f-8aeb-49c3-a3d1-f495a49a5597.mp4"}
{"_id":{"$oid":"6360c93d0eee622dd9ae1834"},"userName":"TestUser","createTime":"创建于2022年11月01日\n15时22分37秒\n时长：7 秒","previewUrl":"https://test1.deepsoft-tech.com:8443/api/uploadedFiles/ea1950b1-f727-431d-9c3d-a00c365b4b11_preview.mp4","videoUrl":"https://test1.deepsoft-tech.com:8443/api/uploadedFiles/ea1950b1-f727-431d-9c3d-a00c365b4b11.mp4"}
{"_id":{"$oid":"636219e8a3b02fc2881d060d"},"userName":"TestUser","createTime":"创建于2022年11月02日\n15时19分04秒\n时长：153 秒","previewUrl":"https://test1.deepsoft-tech.com:8443/api/uploadedFiles/49cd4a6b-cb40-4760-9e1d-52ef233949fa_preview.mp4","videoUrl":"https://test1.deepsoft-tech.com:8443/api/uploadedFiles/49cd4a6b-cb40-4760-9e1d-52ef233949fa.mp4"}
{"_id":{"$oid":"63632c18c8f91cb12a6fe6eb"},"userName":"TestUser","createTime":"创建于2022年11月03日\n10时48分56秒\n时长：13 秒","previewUrl":"https://test1.deepsoft-tech.com:8443/api/uploadedFiles/696f8324-75d9-42af-8a74-868a5cabd30f_preview.mp4","videoUrl":"https://test1.deepsoft-tech.com:8443/api/uploadedFiles/696f8324-75d9-42af-8a74-868a5cabd30f.mp4"}
{"_id":{"$oid":"6363cac2c8f91cb12a6fe6ec"},"userName":"TestUser","createTime":"创建于2022年11月03日\n22时05分54秒\n时长：30 秒","previewUrl":"https://test1.deepsoft-tech.com:8443/api/uploadedFiles/fec9467d-1e82-48fe-a923-6725e0b6850b_preview.mp4","videoUrl":"https://test1.deepsoft-tech.com:8443/api/uploadedFiles/fec9467d-1e82-48fe-a923-6725e0b6850b.mp4"}
{"_id":{"$oid":"6363cc4ba3b02fc2881d060e"},"userName":"TestUser","createTime":"创建于2022年11月03日\n22时12分27秒\n时长：74 秒","previewUrl":"https://test1.deepsoft-tech.com:8443/api/uploadedFiles/efbf6a92-3950-4a4b-9a03-249fe7f1b567_preview.mp4","videoUrl":"https://test1.deepsoft-tech.com:8443/api/uploadedFiles/efbf6a92-3950-4a4b-9a03-249fe7f1b567.mp4"}
{"_id":{"$oid":"6363cebb1ad62b874de16490"},"userName":"TestUser","createTime":"创建于2022年11月03日\n22时22分51秒\n时长：128 秒","previewUrl":"https://test1.deepsoft-tech.com:8443/api/uploadedFiles/06e0e882-7f6d-4af0-9468-1aaa1606a65c_preview.mp4","videoUrl":"https://test1.deepsoft-tech.com:8443/api/uploadedFiles/06e0e882-7f6d-4af0-9468-1aaa1606a65c.mp4"}
{"_id":{"$oid":"63646e931ad62b874de16491"},"userName":"TestUser","createTime":"创建于2022年11月04日\n09时44分51秒\n时长：19 秒","previewUrl":"https://test1.deepsoft-tech.com:8443/api/uploadedFiles/4a4ccad7-2aea-4aed-a73c-67c3f67d1743_preview.mp4","videoUrl":"https://test1.deepsoft-tech.com:8443/api/uploadedFiles/4a4ccad7-2aea-4aed-a73c-67c3f67d1743.mp4"}
{"_id":{"$oid":"636afb397fd4867cc0bbb589"},"userName":"TestUser","createTime":"创建于2022年11月09日\n08时58分33秒\n时长：26 秒","previewUrl":"https://test1.deepsoft-tech.com:8443/api/uploadedFiles/e417f7eb-577b-4493-a681-6b72053a349f_preview.mp4","videoUrl":"https://test1.deepsoft-tech.com:8443/api/uploadedFiles/e417f7eb-577b-4493-a681-6b72053a349f.mp4"}
{"_id":{"$oid":"636afcbb0fa2cd290d2e3cc5"},"userName":"TestUser","createTime":"创建于2022年11月09日\n09时04分59秒\n时长：42 秒","previewUrl":"https://test1.deepsoft-tech.com:8443/api/uploadedFiles/24d8016e-3069-490f-896d-180b5a1b4a46_preview.mp4","videoUrl":"https://test1.deepsoft-tech.com:8443/api/uploadedFiles/24d8016e-3069-490f-896d-180b5a1b4a46.mp4"}
{"_id":{"$oid":"636b02b4e65dffe84f2a0aa8"},"userName":"TestUser","createTime":"创建于2022年11月09日\n09时30分28秒\n时长：159 秒","previewUrl":"https://test1.deepsoft-tech.com:8443/api/uploadedFiles/7979a801-3b44-4934-b552-28820abf2c55_preview.mp4","videoUrl":"https://test1.deepsoft-tech.com:8443/api/uploadedFiles/7979a801-3b44-4934-b552-28820abf2c55.mp4"}
{"_id":{"$oid":"636b03e7671e9c9c4be0e9cd"},"userName":"TestUser","createTime":"创建于2022年11月09日\n09时35分35秒\n时长：29 秒","previewUrl":"https://test1.deepsoft-tech.com:8443/api/uploadedFiles/643ea835-4e20-4462-8fc8-29b2e02c087c_preview.mp4","videoUrl":"https://test1.deepsoft-tech.com:8443/api/uploadedFiles/643ea835-4e20-4462-8fc8-29b2e02c087c.mp4"}
{"_id":{"$oid":"636b8799671e9c9c4be0e9ce"},"userName":"TestUser","createTime":"创建于2022年11月09日\n18时57分29秒\n时长：55 秒","previewUrl":"https://test1.deepsoft-tech.com:8443/api/uploadedFiles/46d00d8a-87d4-498f-bc35-189d303b0f81_preview.mp4","videoUrl":"https://test1.deepsoft-tech.com:8443/api/uploadedFiles/46d00d8a-87d4-498f-bc35-189d303b0f81.mp4"}
{"_id":{"$oid":"6372f764fabc1f564e67d0b8"},"userName":"TestUser","createTime":"创建于2022年11月15日\n10时20分20秒\n时长：15 秒","previewUrl":"https://test1.deepsoft-tech.com:8443/api/uploadedFiles/a56f748c-392a-4811-a1e7-ea1c51b82dc2_preview.mp4","videoUrl":"https://test1.deepsoft-tech.com:8443/api/uploadedFiles/a56f748c-392a-4811-a1e7-ea1c51b82dc2.mp4"}
{"_id":{"$oid":"6372f8b4fabc1f564e67d0b9"},"userName":"TestUser","createTime":"创建于2022年11月15日\n10时25分56秒\n时长：67 秒","previewUrl":"https://test1.deepsoft-tech.com:8443/api/uploadedFiles/34305d56-0d63-4122-ad1e-3ea44796eae6_preview.mp4","videoUrl":"https://test1.deepsoft-tech.com:8443/api/uploadedFiles/34305d56-0d63-4122-ad1e-3ea44796eae6.mp4"}
{"_id":{"$oid":"6372f95996d261fe3e0d8b10"},"userName":"TestUser","createTime":"创建于2022年11月15日\n10时28分41秒\n时长：9 秒","previewUrl":"https://test1.deepsoft-tech.com:8443/api/uploadedFiles/42f32595-ca39-4f4e-a51f-14f53cfbe7b9_preview.mp4","videoUrl":"https://test1.deepsoft-tech.com:8443/api/uploadedFiles/42f32595-ca39-4f4e-a51f-14f53cfbe7b9.mp4"}
{"_id":{"$oid":"63730d3ce65dffe84f2a0aa9"},"userName":"TestUser","createTime":"创建于2022年11月15日\n11时53分32秒\n时长：27 秒","previewUrl":"https://test1.deepsoft-tech.com:8443/api/uploadedFiles/a1235dad-a689-4228-9586-82d2afbf2098_preview.mp4","videoUrl":"https://test1.deepsoft-tech.com:8443/api/uploadedFiles/a1235dad-a689-4228-9586-82d2afbf2098.mp4"}
{"_id":{"$oid":"63734767e65dffe84f2a0aaa"},"userName":"TestUser","createTime":"创建于2022年11月15日\n16时01分43秒\n时长：17 秒","previewUrl":"https://test1.deepsoft-tech.com:8443/api/uploadedFiles/7a3dd2f4-6e54-460d-9ef2-861e09c02c77_preview.mp4","videoUrl":"https://test1.deepsoft-tech.com:8443/api/uploadedFiles/7a3dd2f4-6e54-460d-9ef2-861e09c02c77.mp4"}
